Dataset,Algorithm,AUC_ROC_mean,AUC_ROC_std,AUC_ROC_count,Accuracy_mean,Accuracy_std,Accuracy_count,Precision_mean,Precision_std,Precision_count,Recall_mean,Recall_std,Recall_count,F1_macro_mean,F1_macro_std,F1_macro_count,MCC_mean,MCC_std,MCC_count
balance-scale,CBM,0.9916861208176464,0.011317204955324936,30,0.962689878818911,0.026420673083811654,30,0.9137533947511083,0.0599907328482564,30,0.9399671592775041,0.05600831762673967,30,0.92189805632225,0.0547906455505191,30,0.9363671645182762,0.04470656924908681,30
balance-scale,CBM_KE,0.9931844252485866,0.013460355300957712,30,0.9626813449394095,0.028040167309821482,30,0.9037852623071903,0.11080933709805539,30,0.9065353037766831,0.10138043727465328,30,0.9004045322098708,0.10302969632044132,30,0.9355942892413822,0.048547973078238174,30
balance-scale,CatBoost,0.951960673653318,0.022374399179999244,30,0.8938556067588325,0.034519686445885135,30,0.729177647088443,0.11673312472697282,30,0.7060262725779968,0.07622532792876997,30,0.7085166695146933,0.08651040188871423,30,0.8128551637242207,0.06004297215675123,30
balance-scale,DT_depth3,0.733340493908979,0.05617510217630843,30,0.4848182283666154,0.07296354375369654,30,0.5590895326324905,0.06560119152688733,30,0.4699480021893815,0.08819782602491995,30,0.435303721775644,0.057482580276329596,30,0.30854605186490286,0.07951389881751207,30
balance-scale,DT_depth5,0.8038258829994445,0.04830202020062204,30,0.621394435910565,0.06089368488458721,30,0.6431109745118555,0.045075109561922344,30,0.5985878489326766,0.07838297427301269,30,0.5558593148256059,0.05175131301998154,30,0.48706375342675534,0.07266524373489082,30
balance-scale,EBM,0.9993111652807927,0.0012706992946140733,30,0.9840160436934631,0.017318478412562982,30,0.9520502645502645,0.04854812092741752,30,0.9884510125889435,0.012525215994236734,30,0.9660326472314776,0.0358610324962949,30,0.9733315947816816,0.02858320097422674,30
balance-scale,FIGS,0.8331443658601501,0.04869922158974101,30,0.8619901006997781,0.036965844362590275,30,0.5822086649159395,0.022472588587356786,30,0.6234948002189381,0.025471434540887385,30,0.6013095032753332,0.023468386156521897,30,0.7545734294066879,0.0675112436768762,30
balance-scale,KNN_k5,0.7819175069155052,0.025722723246882472,30,0.8149940262843489,0.03763092422380283,30,0.5867217766098004,0.028155518030622547,30,0.5933333333333334,0.032710093522562426,30,0.5890967977202172,0.029355231302662963,30,0.6752444246620343,0.06377796445946982,30
balance-scale,LightGBM,0.9392565144446751,0.023282750476881605,30,0.8655572623314558,0.03426952819315149,30,0.6597133933730616,0.06864618295577549,30,0.661688560481664,0.054667799162240446,30,0.658763454866116,0.059666313581585535,30,0.763241080790888,0.059119545075250496,30
balance-scale,LogReg,0.9677878753473927,0.018691356134497454,30,0.9147294760197986,0.03757890245762752,30,0.8355198497721671,0.048810419536592466,30,0.9163546798029557,0.04895577300767372,30,0.8549534181925494,0.05243774847282049,30,0.8629404575340643,0.05787497452420062,30
balance-scale,MLP,0.9498353988059871,0.04587171100282988,30,0.900878989588667,0.026327620391807728,30,0.6686136122108007,0.14478460625813774,30,0.6693185550082102,0.05033759544281225,30,0.6547936271308793,0.07337490923792628,30,0.826076999251469,0.04802797366248138,30
balance-scale,RandomForest,0.8406146570711,0.028413127920857328,30,0.7871906468680662,0.04225555233520988,30,0.5985389001039106,0.011826354148355691,30,0.5695675971538041,0.031013132340222443,30,0.5829654693638471,0.020822774190365878,30,0.641636967677482,0.06011858483917485,30
balance-scale,RuleFit,0.9166280540154246,0.033846973413444593,30,0.8939068100358423,0.028415520146807753,30,0.5980236973779636,0.018285316403121817,30,0.6466338259441708,0.020736808853700463,30,0.6209813030815166,0.01926611487171973,30,0.8128854064162494,0.05326697653429353,30
balance-scale,SVM_RBF,0.9927680762491801,0.009183708159947793,30,0.838479262672811,0.05470887736924213,30,0.772572331825611,0.03382346164194405,30,0.8630213464696224,0.06188286622006216,30,0.7639337653434839,0.05642248899524235,30,0.7677691271532676,0.06917905585772952,30
balance-scale,TabPFN,0.9995888712961949,0.0009846157289440374,30,0.9903908516811742,0.013024639545719136,30,0.9691137566137566,0.039510036020483245,30,0.9930623973727423,0.009408939377985068,30,0.9788820633557476,0.027919500985971686,30,0.9838045148678108,0.021738929194252226,30
balance-scale,XGBoost,0.9471509489604931,0.021527350714255013,30,0.8874807987711214,0.0323139102836558,30,0.71773529634718,0.09718823650779077,30,0.6909222769567598,0.054552134186666754,30,0.6936816215326604,0.062158293202851274,30,0.801594405104618,0.055817109263832945,30
bank,CBM,0.850299912325238,0.04961810496779955,30,0.8887,0.013903981072166791,30,0.7310941513473963,0.06010996570234754,30,0.7420881636720917,0.05774385614563112,30,0.7347487545458963,0.05687256476881484,30,0.474140120028239,0.10358696838348441,30
bank,CBM_KE,0.9042225112394501,0.02156878985310484,30,0.8992,0.007884511223999836,30,0.7716403878648407,0.024596736219264125,30,0.7134921135807344,0.04306980271006849,30,0.7336466013154941,0.030812440603640096,30,0.4787122690512604,0.053231241970304564,30
bank,CatBoost,0.9277891531667904,0.009633633380275232,30,0.906,0.006700488916798372,30,0.7921371525099319,0.021106351145966245,30,0.717005869664689,0.020858016865920807,30,0.7462999099285362,0.020545744251540776,30,0.503303848910003,0.03964124526968531,30
bank,DT_depth3,0.8227616899682523,0.02260912605325562,30,0.7395999999999999,0.030957813341651777,30,0.6331671126241353,0.01324242646519882,30,0.7789835035900425,0.02214085656591832,30,0.6332478114019379,0.02396002983313938,30,0.3853135623502452,0.032398320655056254,30
bank,DT_depth5,0.8554522095665781,0.01941218075300119,30,0.7928333333333334,0.03984459755127397,30,0.6579540523835438,0.020834636088334784,30,0.792774555593164,0.02161268877013306,30,0.6768385524026599,0.03417961020555763,30,0.42971461213787626,0.04273285092810692,30
bank,EBM,0.9239205152674745,0.010084600826192714,30,0.9052333333333333,0.007137484021762821,30,0.7896745368628832,0.023319780785862124,30,0.7163199693961019,0.02183423955138159,30,0.7448898970008935,0.021264524950060752,30,0.5002672754568684,0.04126659498406963,30
bank,FIGS,0.8675037174608324,0.01533246584432746,30,0.8912666666666667,0.005976582654819153,30,0.757541559196243,0.027741828439761067,30,0.648326011432977,0.04109855547015742,30,0.6765380019751515,0.03852326635373587,30,0.38562272583417667,0.05437327042887219,30
bank,KNN_k5,0.8100331853185125,0.020623227794526473,30,0.8889666666666667,0.006233852704405994,30,0.7420376740820775,0.026260627170877057,30,0.6424464549309415,0.018975120079144703,30,0.6731059816065313,0.02115765233931146,30,0.3709486622499153,0.04131325173923141,30
bank,LightGBM,0.9199303383274257,0.010792828385764485,30,0.9028333333333334,0.006797988208151083,30,0.7806927192781442,0.022161610760778112,30,0.7156588613406796,0.021458909733127456,30,0.7415063146289352,0.020055845370912033,30,0.4916840622725821,0.0391771191006272,30
bank,LogReg,0.9055357814297176,0.012824601334392699,30,0.8427333333333333,0.009555404079704684,30,0.6964329027649626,0.010337735175436498,30,0.8307950862957845,0.016599066431287928,30,0.7300738949571992,0.012548440194981107,30,0.5097467766364912,0.024669654192053584,30
bank,MLP,0.9038391778277658,0.016203271239883563,30,0.8993666666666668,0.00744859780062011,30,0.7727153325127637,0.02214347316225741,30,0.6999281795616733,0.04599431504897787,30,0.7248210377239926,0.03661182425480446,30,0.4643669415215213,0.0630062966473259,30
bank,RandomForest,0.9205661039498303,0.009182713275233404,30,0.8958333333333334,0.0075158835639681475,30,0.7546325944744411,0.016411416040629814,30,0.7712181581561818,0.021842260477272623,30,0.7621943246300672,0.01762980331022201,30,0.5253889569751233,0.03547650751672211,30
bank,RuleFit,0.8941929918659917,0.014191613399312287,30,0.8916333333333333,0.004413797593388531,30,0.7875720390833052,0.02883336863417232,30,0.590909817614557,0.01841842103448783,30,0.6209384047390606,0.025286696458514037,30,0.32225260490402124,0.04447781954466634,30
bank,SVM_RBF,0.8477361524902296,0.017007587150531803,30,0.8260333333333333,0.010410483222191938,30,0.653585418750428,0.014117612113135837,30,0.7309125285589372,0.021827865274850616,30,0.6763885239171419,0.016514912752926214,30,0.3765632681110951,0.03416496912063986,30
bank,TabPFN,0.9377578341199773,0.0074405133181191215,30,0.9087333333333334,0.005362277779871712,30,0.7953733042874117,0.016865256358142344,30,0.7391803545852568,0.01675485648996534,30,0.7626483038243177,0.01517606097918837,30,0.5313149002319822,0.029389891308947397,30
bank,XGBoost,0.9104962853793912,0.011174050577346016,30,0.8985666666666667,0.006532060631374592,30,0.7658363575954389,0.01961929272667411,30,0.7155082766072139,0.021253835942505708,30,0.7362447044290353,0.018878334342735607,30,0.4783029248182327,0.0365501587908822,30
blood,CBM,0.6504815961472308,0.15101960043053136,30,0.7213993993993993,0.11679841631083081,30,0.6122397972904107,0.13321735150379657,30,0.596499828001376,0.11619189655134816,30,0.5877972193895047,0.12179348949039884,30,0.2146057660084688,0.2236221776485233,30
blood,CBM_KE,0.7401693230898598,0.08358845384137621,30,0.7830090090090089,0.036742383084621855,30,0.6881890630296769,0.10671880215751833,30,0.6461013645224172,0.06486594169667997,30,0.6528588786507865,0.07951038900853927,30,0.33326300758950195,0.146345129952138,30
blood,CatBoost,0.7314805259335703,0.06888800299582126,30,0.7874654654654655,0.03893084520743215,30,0.712458361959696,0.09105157343046058,30,0.627485380116959,0.05827549303258767,30,0.6419584406466095,0.07081554168595289,30,0.3264441605323303,0.14013445327585075,30
blood,DT_depth3,0.6994496044031648,0.06916193470003003,30,0.6355675675675676,0.05078045444756796,30,0.613179924683246,0.04202105655310156,30,0.6521729159500057,0.05595809627116411,30,0.5957220074332977,0.048069167568580234,30,0.26240589185102026,0.09665542313985176,30
blood,DT_depth5,0.6992021174941712,0.05709653119661556,30,0.6801261261261261,0.05241427355668572,30,0.6252097075328834,0.041525514477583646,30,0.657754271299163,0.051079709499209355,30,0.6228855910147237,0.04780343110437615,30,0.2808430943853384,0.09112309914227276,30
blood,EBM,0.7433923861942439,0.06812681076886018,30,0.7776456456456456,0.030448481063841053,30,0.7028808045668197,0.1391057906904974,30,0.5766855865153079,0.04901597185715827,30,0.575606390811325,0.07239975622444332,30,0.24363035328324326,0.14935248077159125,30
blood,FIGS,0.7114474639758438,0.07086208298569972,30,0.7865645645645646,0.03975257664976336,30,0.7155210189471827,0.10092212852978664,30,0.6276430455223025,0.05632020019013298,30,0.6417483547557868,0.06831831591144745,30,0.32873606626977,0.14245582359722403,30
blood,KNN_k5,0.6846873447234645,0.07463935641075368,30,0.7740720720720721,0.04184731349626499,30,0.6895459464094663,0.07589548882515618,30,0.6291766999197339,0.05140475681484775,30,0.6410182668752561,0.05929630248446489,30,0.3102149117240085,0.11799761232173656,30
blood,LightGBM,0.6711214310285517,0.07642284413737356,30,0.7308888888888888,0.048400103379015263,30,0.6147098815317875,0.07205652995873668,30,0.5929394564843481,0.05879861290526456,30,0.5973563168138571,0.06436020739814384,30,0.20551543158726193,0.12821618299197154,30
blood,LogReg,0.7528981768145855,0.06544846690938942,30,0.6653933933933934,0.05761506141151314,30,0.6463880729243167,0.044773818384312825,30,0.6981194817108131,0.05907697504632586,30,0.631647993767458,0.055211592042044996,30,0.34057658318685075,0.1027426341742938,30
blood,MLP,0.7239670527080228,0.09599102050894276,30,0.774930930930931,0.022462510085177655,30,0.6437028278867334,0.18476359008582577,30,0.5639777548446279,0.05821167951576804,30,0.5466866409839549,0.09095392281312539,30,0.19678124583801107,0.16207526589300159,30
blood,RandomForest,0.6663570691434468,0.07244824341734549,30,0.6868348348348349,0.0581862599807119,30,0.5977485408098555,0.06075107643297607,30,0.6090471276229791,0.06629922095543063,30,0.5989794648902466,0.06420237932476006,30,0.20623982975677618,0.12653329704274946,30
blood,RuleFit,0.7315904139433551,0.06482889179501634,30,0.7669189189189188,0.021146249865199748,30,0.6441130467748796,0.1748465565378061,30,0.5384416924664602,0.04061746435478536,30,0.5136773563614037,0.06466421009309936,30,0.14839410032780107,0.13972719676058834,30
blood,SVM_RBF,0.7425056377326759,0.06725562091731385,30,0.7175615615615616,0.06505055629304997,30,0.6556956150132061,0.0604487645470214,30,0.6853743836715973,0.06306993880494123,30,0.6573702338612275,0.06430451730973795,30,0.33916627034626,0.1213027471801135,30
blood,TabPFN,0.7563505714176508,0.06804172604687002,30,0.7968168168168168,0.02892413313823589,30,0.7350025749107095,0.07286459244053528,30,0.6336257309941521,0.0488565174176515,30,0.6504331974706502,0.058806604541758484,30,0.3520099832395941,0.11214778487036198,30
blood,XGBoost,0.6532221075564729,0.07597511080099845,30,0.7273333333333334,0.046053554036997964,30,0.6047971752631006,0.07265110827125149,30,0.5848985208118335,0.05862273147102297,30,0.5891623343169194,0.06441971241727666,30,0.18814745157416646,0.12935108646038287,30
car,CBM,0.9979772722562278,0.006726953231779233,30,0.9945971680781468,0.005678684588994923,30,0.9850578304379848,0.019408013234912227,30,0.9889746019530709,0.018723566863056585,30,0.9859246844530418,0.017027922160959195,30,0.9883529937993801,0.012272459542113943,30
car,CBM_KE,0.9995070071445994,0.001627029764108401,30,0.9945971680781468,0.006070919769696691,30,0.9817487174574495,0.025024850478669505,30,0.9845474103249223,0.02305733750321492,30,0.9814367971582729,0.024423132826462055,30,0.9883028037989143,0.013177487949112152,30
car,CatBoost,0.9995399460848198,0.0006566245421371264,30,0.9907335215306717,0.007405703330651858,30,0.9624506120157597,0.03248903402142539,30,0.978988097229724,0.026330637693863984,30,0.9680963129927452,0.030931972564401472,30,0.9800503346616972,0.01579361458305393,30
car,DT_depth3,0.8695017954521537,0.018099145868145414,30,0.6157211990858986,0.02952725493531193,30,0.31850817679324345,0.011886453104248436,30,0.5904105995015085,0.04935817374335947,30,0.3374008322739635,0.02290294869902972,30,0.4036054385581495,0.03164534000179157,30
car,DT_depth5,0.9243753983559951,0.011769319510997921,30,0.730884527490254,0.04043164046428084,30,0.5255406449183827,0.03905327368520256,30,0.746486594213867,0.044063979540884764,30,0.564345044959839,0.047848751997655134,30,0.5362708599884365,0.05668637821117819,30
car,EBM,0.9977034725368559,0.001867404420463614,30,0.9672010126809159,0.018590158971762114,30,0.9694341418192992,0.02588092842416547,30,0.9742057649952387,0.01827021159112418,30,0.9712442021958151,0.021464920669329663,30,0.9289164216823991,0.040298886507259254,30
car,FIGS,0.9805545739727343,0.017744244398428942,30,0.9317157324013084,0.01746508282594942,30,0.847906523640901,0.051292838072297446,30,0.8745546784422383,0.06558144216832085,30,0.8486081971559428,0.05424175164078835,30,0.8602967745709388,0.03373444642942278,30
car,KNN_k5,0.9484426636203515,0.018568059489607415,30,0.8805943899269615,0.01806608214213274,30,0.7513985127062734,0.09899841201928153,30,0.6157245200307401,0.06071382280912025,30,0.6467470663951862,0.06721637721271165,30,0.7337948676811981,0.04162546020502579,30
car,LightGBM,0.9999866605694964,5.065390125276767e-05,30,0.9978771788322803,0.0035582056046182566,30,0.9943338853649466,0.012266477485968333,30,0.9962526973292524,0.009926388518168234,30,0.9951327580132087,0.010230369767070117,30,0.9953915958488917,0.00772225116645537,30
car,LogReg,0.984096077406898,0.004070645675829336,30,0.8881133216830219,0.026555380927911206,30,0.7750090706394983,0.049179945360119874,30,0.9243766334675425,0.02771094304096393,30,0.8310620121853288,0.041608558761363566,30,0.7897570419703251,0.044032176006292216,30
car,MLP,0.9992538613899946,0.0010478192097355113,30,0.9849542949321145,0.009321207530961072,30,0.958192908648143,0.03650115699537276,30,0.9616179341657811,0.031141812225175293,30,0.9574279770884943,0.03269993159025416,30,0.9675319452035959,0.02003731422419223,30
car,RandomForest,0.9972303451599421,0.0017073427404213281,30,0.9639221221490343,0.011155216950592853,30,0.9122414782811027,0.03317703311978432,30,0.9575125100842804,0.027622494309162367,30,0.930881989607339,0.030300081694216625,30,0.9252879654459982,0.022195729193775767,30
car,RuleFit,0.9955227009751197,0.002019239335701856,30,0.9623907783304209,0.015753350868992586,30,0.9249341731307497,0.03500871784962265,30,0.9240639610256836,0.048563033574170376,30,0.9195754319068229,0.039342918404037745,30,0.9194240604977417,0.03349026105460391,30
car,SVM_RBF,0.9997385855978227,0.0003624439159694959,30,0.9482950217323117,0.012843135847876759,30,0.9206691675294116,0.02563203266677166,30,0.9752941702104382,0.011038229834376903,30,0.9442516558601243,0.01856542774951094,30,0.897370289058598,0.022960982594648786,30
car,TabPFN,0.9999954145813367,1.8199960703732075e-05,30,0.998841690191334,0.0023562338404802385,30,0.9960851648351648,0.009986424120606715,30,0.9991411167248487,0.002020008296980249,30,0.9974890061529066,0.006356074455590763,30,0.9974921117529975,0.005101875998701664,30
car,XGBoost,0.999843705256527,0.0003387709206681997,30,0.9949836447551195,0.004742700573502682,30,0.9800426814900499,0.024315518068118186,30,0.9861706010629455,0.021147629260782418,30,0.9820251273946162,0.021889413445821942,30,0.9891267633927397,0.010272647558267917,30
credit-g,CBM,0.7446190476190476,0.07306330234142397,30,0.732,0.05121960831421956,30,0.688027920533933,0.06455006065131404,30,0.6688888888888889,0.05853842280065564,30,0.6687452974323571,0.06270934464465039,30,0.35412403652880803,0.11780143803458806,30
credit-g,CBM_KE,0.7634761904761905,0.049750358101289124,30,0.7453333333333333,0.043210258466961415,30,0.7000779565118643,0.06394929996698612,30,0.660952380952381,0.05499735206415251,30,0.6680209583413476,0.05851832008840547,30,0.3572426728143225,0.11285217928529333,30
credit-g,CatBoost,0.798968253968254,0.04914183934571418,30,0.7733333333333333,0.03187619729552115,30,0.7428432135445618,0.05349945668585573,30,0.6841269841269841,0.039184615565428904,30,0.6982878611748865,0.042714128136232286,30,0.4219420584994674,0.08637017697236764,30
credit-g,DT_depth3,0.6900158730158731,0.04163500712917237,30,0.599,0.03325450449135451,30,0.6361603271741089,0.03602661078353873,30,0.6542063492063492,0.04137031998059091,30,0.5899453727096257,0.03228856094483713,30,0.2897496375296095,0.07698811726867037,30
credit-g,DT_depth5,0.679531746031746,0.05412843011870946,30,0.6359999999999999,0.044458426919290917,30,0.6294098569544343,0.042997604491885486,30,0.6507936507936508,0.05167585343300388,30,0.6144508294846673,0.04488999066731035,30,0.27934803268635033,0.09423118045836479,30
credit-g,EBM,0.7884603174603175,0.051481709963447704,30,0.7586666666666667,0.041749113831878244,30,0.7144169048088244,0.055970249851751495,30,0.6923809523809524,0.04786226883967692,30,0.6994410209648586,0.05013070442968877,30,0.40573014775305466,0.10145271155270721,30
credit-g,FIGS,0.715936507936508,0.041269722327309535,30,0.7163333333333333,0.040555056943347545,30,0.6575109869131878,0.07040649103506759,30,0.6107142857142858,0.04714356205208502,30,0.6157583151229317,0.05432922639112791,30,0.2618819774885974,0.10873147112699039,30
credit-g,KNN_k5,0.7213650793650793,0.053874727388688155,30,0.7453333333333333,0.039977004884561226,30,0.7034749024472668,0.06719247837237116,30,0.6447619047619048,0.0418061236465779,30,0.6560140890555005,0.04789017634003281,30,0.34243151453107534,0.10345566639730235,30
credit-g,LightGBM,0.7748888888888888,0.059063763529110996,30,0.7586666666666667,0.050632777535106074,30,0.7168733652315727,0.07187124460282843,30,0.6853968253968254,0.0559387830080203,30,0.6948081439660584,0.059994217006917275,30,0.40040628957645985,0.12438965074502242,30
credit-g,LogReg,0.7892222222222222,0.050338829012624424,30,0.716,0.043990594606041704,30,0.6878842917395406,0.041874211664619285,30,0.7149206349206348,0.04683230771040218,30,0.6899992551060324,0.045095062044781316,30,0.4018362612907072,0.08826994271486543,30
credit-g,MLP,0.7843015873015874,0.050566341920597724,30,0.7466666666666666,0.04220911270569781,30,0.7050589112095392,0.06287835755383912,30,0.6542857142857144,0.058466471168017016,30,0.6609134495261719,0.06420217697007646,30,0.35226697085361175,0.11307181088169503,30
credit-g,RandomForest,0.7946507936507936,0.04548449589876193,30,0.7553333333333333,0.04629242384826191,30,0.7138477984525877,0.057196670901510004,30,0.7119047619047619,0.04609634408150845,30,0.7107402706310684,0.04989073235089882,30,0.4253263824908039,0.10129391932723353,30
credit-g,RuleFit,0.7742698412698413,0.04225049261182129,30,0.735,0.037485629430397766,30,0.691592415287444,0.041542346154603026,30,0.6992857142857143,0.04260163756274636,30,0.692604767631374,0.04058642953573909,30,0.390440967140688,0.08202349250762077,30
credit-g,SVM_RBF,0.7915079365079365,0.05231658731423121,30,0.7253333333333334,0.04775897340008353,30,0.6906147549575733,0.04785325213904353,30,0.711111111111111,0.04906002574497847,30,0.6940033109454924,0.048997257494603194,30,0.40105537997420637,0.09618647088703486,30
credit-g,TabPFN,0.8013174603174603,0.0452531620114646,30,0.77,0.03300992536213607,30,0.7357094820699235,0.056163047946385165,30,0.689047619047619,0.03964223459424291,30,0.7010410081943695,0.04112427118145581,30,0.421015537140077,0.08717995945012044,30
credit-g,XGBoost,0.7695396825396826,0.05309845702662839,30,0.749,0.039684097396903185,30,0.7033240991678732,0.05504461219563009,30,0.6765873015873016,0.04400969535653993,30,0.6841006066360875,0.046042213325477165,30,0.37828062005789376,0.09522033668077746,30
diabetes,CBM,0.805994301994302,0.04853344979091285,30,0.737388926862611,0.0370878534474707,30,0.7189101988375831,0.03726197843577228,30,0.7272003798670466,0.036406703964520316,30,0.7187170535818945,0.03678670535871812,30,0.44586619612699824,0.07260728346521479,30
diabetes,CBM_KE,0.8027340930674264,0.044498262977955234,30,0.7473114604693553,0.045138909594783706,30,0.7275766244313876,0.051883755785922664,30,0.7191301044634378,0.05113040897948342,30,0.7185979928905042,0.05045413865066044,30,0.44565400112804004,0.09862340385327256,30
diabetes,CatBoost,0.8315792972459639,0.034351685863141926,30,0.7569776714513557,0.04255184124764614,30,0.7378547749433699,0.05238284542877364,30,0.7156258309591642,0.050506523486209674,30,0.7209427881110542,0.05032275106028841,30,0.4522951044854541,0.09968611776673468,30
diabetes,DT_depth3,0.8099088319088319,0.0464556107150527,30,0.702198678514468,0.04747841063009533,30,0.7219092587577998,0.04290243459371885,30,0.7387483380816715,0.04599094168522276,30,0.6983644528861391,0.04676215208017193,30,0.46030884918789444,0.08861000627986367,30
diabetes,DT_depth5,0.7917037037037037,0.04026957433926162,30,0.7239234449760765,0.040144273264357155,30,0.7146186656391567,0.03842799179487426,30,0.7300237416904083,0.04165375486828214,30,0.7113145509459186,0.040015820130641165,30,0.4443085556897418,0.07959392908596066,30
diabetes,EBM,0.8414890788224122,0.0311684970027289,30,0.760002278423331,0.03736074260096861,30,0.7448648045659415,0.04897462477371834,30,0.7162079772079772,0.04276715913403014,30,0.7225262863726147,0.042761835619419646,30,0.4592494078944578,0.08606134639551771,30
diabetes,FIGS,0.7825508072174738,0.03516455159348952,30,0.7448051948051949,0.038643244656776723,30,0.7263713535573726,0.04950133551463332,30,0.6990037986704654,0.04311839291076078,30,0.7045298661849358,0.04438132414649253,30,0.42348272656432223,0.08714437123405169,30
diabetes,KNN_k5,0.7713736942070276,0.03404947539488653,30,0.7352756892230576,0.030928118139344936,30,0.7128720594216119,0.04099635269886282,30,0.6899430199430199,0.03508554297873592,30,0.6949245793501386,0.035475030258500816,30,0.4015815933858951,0.07218195148666873,30
diabetes,LightGBM,0.7897996201329535,0.0360875858399965,30,0.7296764638869903,0.04660985035185717,30,0.7034655486739407,0.05253987849935392,30,0.6955251661918329,0.05649289284584153,30,0.69642500343183,0.05464187232237658,30,0.3985576166920045,0.10793234690962988,30
diabetes,LogReg,0.8338300094966762,0.034888790104427025,30,0.7547960811118706,0.04280717932209823,30,0.7367063411081421,0.043571039173986796,30,0.7469230769230769,0.041782651433825445,30,0.7380110092960481,0.043040364837021415,30,0.4834241124178554,0.08483534619434202,30
diabetes,MLP,0.8346486229819564,0.035219031258642425,30,0.7722089314194578,0.03924469258582424,30,0.7686532160951437,0.05487747625440379,30,0.7189867046533713,0.04789215293729219,30,0.7281767093749065,0.04943142300250064,30,0.48334635745077575,0.09301789969918858,30
diabetes,RandomForest,0.8242283950617284,0.028092155740249272,30,0.7582308042834359,0.02847121479952273,30,0.7383791654047405,0.031257886537966864,30,0.7439810066476734,0.03681527230412972,30,0.7377646098808752,0.03200362437936126,30,0.48209691960952666,0.06640381629973989,30
diabetes,RuleFit,0.8300997150997151,0.03764582856358669,30,0.7612952836637047,0.03596421772605963,30,0.7670440792038932,0.05451191220351612,30,0.6938755935422602,0.048324729045217785,30,0.7030361444928312,0.05261874680522755,30,0.4523491235488763,0.08982596144893631,30
diabetes,SVM_RBF,0.8331980056980056,0.0336333287683619,30,0.7456254272043746,0.03115490708853573,30,0.7300820911294869,0.02968048002992736,30,0.7436856600189934,0.030967880976938745,30,0.7306493650239693,0.030731603321436252,30,0.4735017942671251,0.06004063675836173,30
diabetes,TabPFN,0.846329534662868,0.03222145572400607,30,0.7613123718386877,0.03818792569742746,30,0.7468736905825902,0.05104479877563943,30,0.7184387464387464,0.040638756192642796,30,0.7249293651210102,0.041427892182131894,30,0.4635520903030634,0.08583052502233911,30
diabetes,XGBoost,0.7766780626780626,0.03672265293935014,30,0.7179254955570745,0.03969206209078753,30,0.6913290712723761,0.04456632965238011,30,0.6841111111111111,0.043118881479219294,30,0.6849026097547636,0.04373222999078879,30,0.3750469365147803,0.08621001274935691,30
kr-vs-kp,CBM,0.9987662390683175,0.0018717356992666082,30,0.9944716562173459,0.004767449782379195,30,0.9945404880980006,0.004727889516292563,30,0.9944191158757001,0.004800732327417515,30,0.9944599583361714,0.00477735007610954,30,0.9889595217528344,0.009520998675291872,30
kr-vs-kp,CBM_KE,0.9989499968568464,0.001640351079627151,30,0.994262343260188,0.004117451235757707,30,0.9943222463774681,0.0040742038562068044,30,0.9942196305310061,0.004150405132106911,30,0.9942504449929092,0.0041260463644822365,30,0.9885417981316768,0.008215952951675543,30
kr-vs-kp,CatBoost,0.9996298026705943,0.0005143154572693808,30,0.9947848092998955,0.004055559800344577,30,0.9948123196759338,0.0040310233438768306,30,0.9947755748858466,0.004071347372984149,30,0.994774426258926,0.004064096492447734,30,0.9895878190513238,0.008093155526673232,30
kr-vs-kp,DT_depth3,0.9390431973987875,0.0095160696102077,30,0.9042584247648903,0.014329523814793193,30,0.913819459263318,0.012883917733399183,30,0.9010885484471808,0.014772477109852744,30,0.9030019908687288,0.014691420238816486,30,0.8147960665367596,0.02739864256913029,30
kr-vs-kp,DT_depth5,0.9821367811725904,0.0034198925780342436,30,0.940864354754441,0.01150181048962589,30,0.9434339235591856,0.011046981292738999,30,0.939482228095233,0.011723444926459851,30,0.9405314877118713,0.011606622780817399,30,0.8829043477390589,0.022669940690401368,30
kr-vs-kp,EBM,0.9994444201024801,0.000668436443215978,30,0.9915527037617554,0.005266649719563912,30,0.9916382289407224,0.005274286095715422,30,0.9914841404533078,0.005280486046340092,30,0.9915348022341671,0.005277294205050464,30,0.9831222477102416,0.010544268418248983,30
kr-vs-kp,FIGS,0.9842073030736533,0.005678575131716029,30,0.9747635841170325,0.007379933981170569,30,0.9746752838862727,0.007403585182886841,30,0.975077209887816,0.007165839188857452,30,0.9747309802788464,0.007379259551802941,30,0.949752258403699,0.014561339427300509,30
kr-vs-kp,KNN_k5,0.989449206059431,0.004036942277526764,30,0.9602644984326019,0.012859235450021055,30,0.9609422400014451,0.012773269586459789,30,0.9597320351153661,0.012981213543603426,30,0.9601388727007871,0.01290161443858551,30,0.9206725309112707,0.02572112690274578,30
kr-vs-kp,LightGBM,0.9996210471121368,0.0005857960902011541,30,0.994680316091954,0.004120914783622127,30,0.9947353087765622,0.0040969647000963635,30,0.9946375820066715,0.004145314452138726,30,0.9946691303595855,0.0041296844622776,30,0.989372803918137,0.008232389841878178,30
kr-vs-kp,LogReg,0.9939372612114311,0.0029207511118200017,30,0.9654845872518287,0.010829176287078465,30,0.9654702074385138,0.010885536770828224,30,0.9656666789700096,0.010670943927944437,30,0.9654322736409504,0.01083270394574633,30,0.9311365750413831,0.021544582963506302,30
kr-vs-kp,MLP,0.9995044842613628,0.00046585641577928617,30,0.9910292580982235,0.0055025440320272245,30,0.9910844146671114,0.005440212835445536,30,0.9910091822480677,0.005561663199858696,30,0.9910103959488538,0.005515907815734001,30,0.9820934055228057,0.01098549326210352,30
kr-vs-kp,RandomForest,0.9993651062996002,0.0010817610752116161,30,0.991760710553814,0.004305602969162149,30,0.991912965719216,0.004347171221885321,30,0.9916261976856545,0.0042697945784524035,30,0.991742534506097,0.004313327379864164,30,0.983539019267002,0.008605323262455547,30
kr-vs-kp,RuleFit,0.9936490753101991,0.002810299051389064,30,0.9652703761755486,0.009377784911780221,30,0.9653572914613764,0.009195689630916734,30,0.9656766762375052,0.009378886464554993,30,0.9652233173718396,0.009395150824007594,30,0.9310333340078658,0.01854668763453193,30
kr-vs-kp,SVM_RBF,0.9970374133551193,0.001381857394427437,30,0.9689233934169279,0.007945736172130647,30,0.9689443943300087,0.008059868512824349,30,0.9689648087870247,0.007749474570105711,30,0.9688687066910692,0.007947634997611065,30,0.9379089671845303,0.015797942628606128,30
kr-vs-kp,TabPFN,0.999797135268879,0.00028177939102630776,30,0.9941578500522466,0.004703519677165791,30,0.9942337851084468,0.004666996196576647,30,0.9941003635920124,0.004731935268384096,30,0.9941456059530278,0.0047130770622413175,30,0.9883340583286643,0.009390434444453755,30
kr-vs-kp,XGBoost,0.9997141233797673,0.0004053234687181035,30,0.9940540099268547,0.004136716853533588,30,0.9941591130402069,0.004078986540086736,30,0.9939634576735762,0.004187802675674739,30,0.9940406959850207,0.004146170261054589,30,0.9881224577726153,0.008256149379679006,30
magic,CBM,0.9167694021400236,0.0144424277066582,30,0.8668666666666667,0.01586523706493025,30,0.860178526707115,0.02021843056307614,30,0.845964836168226,0.014688361563998198,30,0.851383981108031,0.016074502685734043,30,0.7058346216354863,0.031703373342213584,30
magic,CBM_KE,0.9299276779048531,0.015157521719560127,30,0.8726333333333333,0.0325072759317933,30,0.8721092903387738,0.03147674565565778,30,0.8496376624003743,0.02368457758803954,30,0.8571941498110791,0.030896225830566452,30,0.7211998035140881,0.053108177927232936,30
magic,CatBoost,0.9350229246710603,0.008543863765390314,30,0.8833333333333333,0.011345159482270877,30,0.8852009775603599,0.011560724151568696,30,0.8555050910587634,0.014837233379210767,30,0.8671081579521683,0.013640413502915194,30,0.7400684297525216,0.0257137946577007,30
magic,DT_depth3,0.8348958876946447,0.014602132427940978,30,0.7732333333333333,0.016005782001241444,30,0.7543065443064592,0.01511693258662121,30,0.7659236135281333,0.013884050167937988,30,0.7575879900484138,0.015029072073855664,30,0.5200517409004223,0.028191930135479538,30
magic,DT_depth5,0.8682033584912681,0.012016269967233997,30,0.8168000000000001,0.011792458139231042,30,0.8010132860972671,0.014752464238155318,30,0.7967740921978209,0.010567794477648154,30,0.797893849057865,0.011070081149933601,30,0.5976323523765613,0.02199422657692685,30
magic,EBM,0.9348429291319688,0.008104755228638067,30,0.8828666666666667,0.010274619997447804,30,0.882582696650426,0.010490368494362922,30,0.8568924189432664,0.013575426020771409,30,0.8671949953185212,0.01226785791720059,30,0.7389906262659208,0.023294319271795882,30
magic,FIGS,0.8651438463315299,0.01125408623613074,30,0.8292333333333333,0.011009974578984495,30,0.825349924598206,0.014535688530283872,30,0.791582597983728,0.0135438322639818,30,0.8032951510816749,0.013159725996396884,30,0.6158943829612097,0.025439672473823175,30
magic,KNN_k5,0.8643670540131557,0.013004792853303785,30,0.8315333333333332,0.00968017288721832,30,0.838772859094017,0.011926735838246633,30,0.7847339682706914,0.012249233337423145,30,0.8010484746796003,0.012250874027629024,30,0.6211055527124117,0.022933948922121538,30
magic,LightGBM,0.931830349746508,0.008081867719170719,30,0.8788666666666667,0.008365501132353166,30,0.8765557372706344,0.009014505077825096,30,0.8538545185720328,0.011075479488983056,30,0.8631220443410257,0.0099701618843462,30,0.7300236740571729,0.019063226082892883,30
magic,LogReg,0.8405899107713797,0.014418657268994583,30,0.7857333333333334,0.011887209391881565,30,0.7649346678115326,0.012819784439024174,30,0.7699241501331896,0.0148169701186927,30,0.7670288522263314,0.013510848799707173,30,0.5348200327951432,0.027359726694491052,30
magic,MLP,0.9235139164079277,0.00837066386331605,30,0.8683,0.007688549479807505,30,0.8685185366654381,0.011226954461248008,30,0.838274414850686,0.00925882834697172,30,0.8497766397982804,0.008724878047352115,30,0.706074218782924,0.017691805367857208,30
magic,RandomForest,0.9301539527181336,0.008936959017256687,30,0.8715666666666666,0.011125253451846227,30,0.8621801991121477,0.01169506746417916,30,0.8533870312570877,0.014369825203802802,30,0.8572848758441598,0.012948455468928007,30,0.7154835192150503,0.0254328551333351,30
magic,RuleFit,0.889390882112238,0.013802787246939181,30,0.8271666666666666,0.011033126712653626,30,0.8612171030624236,0.010939619487788885,30,0.7648176991453828,0.015568038870312372,30,0.7861116305027558,0.01593441998028486,30,0.6184213859931653,0.02538891505040998,30
magic,SVM_RBF,0.913990135459853,0.01150238211953388,30,0.8625666666666666,0.00992622209390216,30,0.8504562718842597,0.010558603229671327,30,0.8466083803202447,0.012843013017824104,30,0.8482910333848931,0.011444564754176063,30,0.6970266117691463,0.022692972917964533,30
magic,TabPFN,0.9507477222171008,0.006467055405035522,30,0.9014333333333333,0.007045092854841125,30,0.9034755409765586,0.006950379324695671,30,0.8780951776827484,0.009912939358174258,30,0.8884775802166215,0.008491835196381563,30,0.7811267747349216,0.015808056200613707,30
magic,XGBoost,0.9276686368998234,0.008389246902350201,30,0.8771333333333333,0.007646199566849668,30,0.873849470770876,0.007590238084568067,30,0.8526959150913953,0.010979936246206834,30,0.8613889064384173,0.009350075162606854,30,0.7262004909020273,0.017576577107305518,30
mfeat-factors,CBM,0.9971601851851852,0.002830690331893101,30,0.9691666666666666,0.023009867948089267,30,0.969218804859634,0.02939647975011774,30,0.9691666666666666,0.02300986794808928,30,0.9680980888802708,0.02765402501535734,30,0.966261996862609,0.02400763853198569,30
mfeat-factors,CBM_KE,0.9970564814814814,0.0028430687238784518,30,0.9758333333333333,0.0109924216318941,30,0.9771011749127915,0.0104465575677952,30,0.9758333333333333,0.01099242163189411,30,0.9758362599870049,0.010998475900240345,30,0.97329067691277,0.012151439230324754,30
mfeat-factors,CatBoost,0.9987657407407408,0.0012998813543570501,30,0.97,0.01286535041805354,30,0.9712755758522349,0.01223106359938982,30,0.97,0.012865350418053556,30,0.9699460655338793,0.012846475536668884,30,0.9668223153960843,0.014224924753514237,30
mfeat-factors,DT_depth3,0.7904097222222222,0.012553260707064284,30,0.43633333333333335,0.017856387504549855,30,0.44915565293462606,0.04571010902278692,30,0.43633333333333335,0.017856387504549848,30,0.38455866261971594,0.01739808256640259,30,0.4660572234762418,0.020805511287099482,30
mfeat-factors,DT_depth5,0.8760125,0.014290517870081022,30,0.5933333333333334,0.029135040324541266,30,0.6572032440842028,0.04992930625162687,30,0.5933333333333334,0.029135040324541246,30,0.5747776895590424,0.02763423293821013,30,0.6051255647046855,0.025954203381245825,30
mfeat-factors,EBM,0.998512962962963,0.001694448108364413,30,0.9786666666666667,0.011366415543118714,30,0.9796737209734921,0.01084919708463611,30,0.9786666666666667,0.011366415543118723,30,0.9786570156357899,0.011313277158736167,30,0.9764123068326706,0.012580138619991665,30
mfeat-factors,FIGS,0.9786333333333332,0.008514890514418927,30,0.8714999999999999,0.024884214633599258,30,0.8899116743872202,0.02089531165834639,30,0.8714999999999999,0.024884214633599237,30,0.8749690986083667,0.02347852790625229,30,0.8589171840898231,0.02716253490757314,30
mfeat-factors,KNN_k5,0.9949782407407407,0.0041568861636250825,30,0.9673333333333333,0.013628907749221217,30,0.9690046545165,0.012852842885526348,30,0.9673333333333333,0.013628907749221228,30,0.9673079789513351,0.013669048553216392,30,0.9638976675300192,0.015045507982639997,30
mfeat-factors,LightGBM,0.9987296296296296,0.0012315676613561441,30,0.9701666666666667,0.012211027614508914,30,0.9715060193853099,0.011708718081796481,30,0.9701666666666667,0.012211027614508919,30,0.9701725367282581,0.012171237820778653,30,0.9670024588853967,0.013516004642071113,30
mfeat-factors,LogReg,0.9985370370370371,0.0016372618934470614,30,0.9786666666666667,0.011366415543118721,30,0.9797289688868637,0.01097857232353899,30,0.9786666666666667,0.01136641554311873,30,0.9786507188163157,0.011360511404060473,30,0.9764196122304033,0.01258592632759813,30
mfeat-factors,MLP,0.9986814814814815,0.0012258899455697574,30,0.9706666666666666,0.013501809159320569,30,0.9721555395243643,0.012748469251329947,30,0.9706666666666666,0.013501809159320578,30,0.9705881820776886,0.013584786137270157,30,0.9675895358328581,0.01490044881257638,30
mfeat-factors,RandomForest,0.9984625,0.0016139827344600172,30,0.9695,0.011473357443855881,30,0.9709577847781509,0.010998870254733015,30,0.9694999999999999,0.011473357443855891,30,0.9695052016912035,0.011433115281359147,30,0.9662760178292209,0.012700134782993304,30
mfeat-factors,RuleFit,0.9966777777777778,0.0025361435814332156,30,0.9583333333333334,0.015218712015223176,30,0.96003837255148,0.014307844518481848,30,0.9583333333333334,0.01521871201522319,30,0.9583715033781159,0.015090308069724856,30,0.9538878420717322,0.016833462666288608,30
mfeat-factors,SVM_RBF,0.999362037037037,0.0007247407947162972,30,0.9774999999999999,0.010966249162300445,30,0.9786229451538376,0.010557218803226968,30,0.9774999999999999,0.010966249162300445,30,0.9775272134121882,0.010932450953092726,30,0.975122298950442,0.012144040532879761,30
mfeat-factors,TabPFN,0.9998296296296297,0.00024279017623256207,30,0.988,0.007381243704193056,30,0.9885613275613276,0.006999490193548066,30,0.988,0.007381243704193056,30,0.9879940642726266,0.007388696245923493,30,0.986731173894253,0.008156356918182804,30
mfeat-factors,XGBoost,0.9984666666666667,0.0013394336819475023,30,0.9655,0.012272059659073605,30,0.9671731827210693,0.011710332637933049,30,0.9655,0.012272059659073615,30,0.9655266441789713,0.012163898021011754,30,0.9618530249674598,0.013587599400906033,30
optdigits,CBM,0.9986549496874791,0.001259223664020933,30,0.984994068801898,0.005773982984226011,30,0.985275641069572,0.005633702104503865,30,0.9849988273976478,0.005781234518898852,30,0.9850059838869557,0.005788926543550982,30,0.9833554675631473,0.006397901664571183,30
optdigits,CBM_KE,0.9987232938932465,0.0011186752354548385,30,0.9865361803084223,0.004871482628639383,30,0.9868324111182678,0.00475697974670182,30,0.9865351093250366,0.004875623326856679,30,0.9865454256851625,0.004879800190088831,30,0.9850705868815562,0.005398718917382508,30
optdigits,CatBoost,0.9997679699217242,0.0001278804105128747,30,0.9836298932384342,0.0058251242129847315,30,0.9839223813480764,0.005746054028739888,30,0.983623392336641,0.005829924782371037,30,0.9836389692113943,0.005828125648013814,30,0.9818405928924155,0.006463371735401225,30
optdigits,DT_depth3,0.7970442592587769,0.010232554713257078,30,0.4092526690391459,0.03919886198415112,30,0.4127608207795829,0.023644086548644465,30,0.4121113389534442,0.03940305778735624,30,0.34018234232721933,0.040267958477259384,30,0.3977579343818995,0.044955743781072185,30
optdigits,DT_depth5,0.9213871795397198,0.00791093775798402,30,0.6795373665480428,0.018309790703588045,30,0.6831209879088808,0.04173244382207975,30,0.6806958881006068,0.01832645184343193,30,0.6595126656487477,0.024535386450876655,30,0.6553756726111377,0.01891025925087534,30
optdigits,EBM,0.9997567276768069,0.0001231768598907531,30,0.9844602609727164,0.006019307111914567,30,0.9847411754853994,0.005983416737895108,30,0.9844493797188896,0.006029323193166364,30,0.9844556508117369,0.006049618149691446,30,0.9827643364034552,0.006679092218935681,30
optdigits,FIGS,0.9818295336378139,0.004494895689606481,30,0.8693357058125741,0.01659796583764708,30,0.874583381152892,0.01560547077988929,30,0.8694573018230005,0.01659910476094533,30,0.870452806208469,0.016260405440892533,30,0.8551851722714737,0.01837434724271695,30
optdigits,KNN_k5,0.9917059299389526,0.0026823984897523306,30,0.9469157769869514,0.00898937394600678,30,0.9480131768226112,0.008856085596172113,30,0.9469180867529324,0.009046811213535871,30,0.9467457793872983,0.009169395631529003,30,0.9411734560712498,0.009942030756547442,30
optdigits,LightGBM,0.9997365841316501,0.00018496472559879795,30,0.9836892052194542,0.006076172346121839,30,0.9839923075951604,0.006006343586137342,30,0.9836502397582252,0.006107168179155461,30,0.9836717242668407,0.00611369888347316,30,0.9819093808884435,0.006739778352703113,30
optdigits,LogReg,0.9991541892789723,0.0004087275243368049,30,0.9696915776986952,0.007628070696011176,30,0.9703078306608923,0.00755988115297099,30,0.9697082341433522,0.007602707749904432,30,0.9697405426301057,0.007603004943613932,30,0.9663825788803343,0.008470698633562923,30
optdigits,MLP,0.9995892043633952,0.0002499446673193998,30,0.9800711743772242,0.006548629573491777,30,0.9804705274562384,0.006473207980017008,30,0.9800713572070197,0.006560322536321469,30,0.9800615012175474,0.006580890838632302,30,0.9779026294234152,0.007262619801951377,30
optdigits,RandomForest,0.9996797655787522,0.00018535017083306005,30,0.9843416370106761,0.005457413595567835,30,0.9846689760462987,0.005310372642236205,30,0.9843379058932598,0.005450066835279894,30,0.9843534204418258,0.005447113276613978,30,0.9826350118427132,0.006048781994082376,30
optdigits,RuleFit,0.996114960320803,0.0014380365666572753,30,0.9385527876631079,0.0133706007077455,30,0.9401043606573264,0.012726310577064186,30,0.9386343857292132,0.013382296606205801,30,0.9387590077470951,0.013245101393053765,30,0.9318622088365669,0.0148094458949442,30
optdigits,SVM_RBF,0.999573930092967,0.00026619081319428174,30,0.9778766310794781,0.007158479858905231,30,0.9784061056764204,0.006901612646672326,30,0.9779212398813125,0.007127291018510034,30,0.9779326840389115,0.0071365439317311085,30,0.9754695992797624,0.00792594014687579,30
optdigits,TabPFN,0.9999848951947999,1.8949822791026854e-05,30,0.9953143534994068,0.0028608743624467287,30,0.9954303279949613,0.002794731080481619,30,0.9953167106638069,0.0028550446648079333,30,0.9953327124369721,0.002844577976870322,30,0.9948027853993443,0.0031743836571502472,30
optdigits,XGBoost,0.9996057727084978,0.00022930973020950077,30,0.9801304863582444,0.005837917441171624,30,0.9804781025889848,0.005772386388201346,30,0.9801032381109513,0.005864285448524584,30,0.9801123330955023,0.005859544551103479,30,0.9779615827339437,0.006478129337163688,30
page-blocks,CBM,0.5750831226509114,0.1084994849071619,30,0.8347821783939826,0.16348118719523963,30,0.19283544513264383,0.04021460548040456,30,0.21898841962251628,0.08624125017758058,30,0.19360063064531846,0.016425655090716064,30,0.00241960956393306,0.06784125745048511,30
page-blocks,CBM_KE,0.99079107931689,0.004981851223690966,30,0.9694886285289814,0.007952399582951405,30,0.8285022989879668,0.07432899530945075,30,0.8324647644628023,0.08280207765055984,30,0.8173659888558448,0.06415588771016234,30,0.8390439297460287,0.042255414892872614,30
page-blocks,CatBoost,0.9934921386349598,0.004758310375900661,30,0.9741768860895751,0.004999917865893529,30,0.8707232774872098,0.05290650478063185,30,0.8701298049752236,0.06099382641357773,30,0.8644168950827603,0.04905250485837683,30,0.8631015858700372,0.0264563668394422,30
page-blocks,DT_depth3,0.9042760957740079,0.017933143982244572,30,0.9449421084704448,0.005609564380772672,30,0.605594424161532,0.09348271709929067,30,0.7519529954429799,0.023595407956722315,30,0.6094083330713148,0.0256122725905924,30,0.7221536103151419,0.024573321233454497,30
page-blocks,DT_depth5,0.9457899244878355,0.02356764654851796,30,0.9159528638848485,0.01620350393690784,30,0.7009141666728617,0.03516923169936385,30,0.8847133398504108,0.04357440476999153,30,0.7496861405969687,0.03451706480262428,30,0.685579649882646,0.042650066977766174,30
page-blocks,EBM,0.9922582870742617,0.006374719146422069,30,0.9750890724455892,0.005115324594996647,30,0.8874942667524682,0.05673689554474501,30,0.8525203376428167,0.0547596471581567,30,0.8626545928313103,0.048113468526758046,30,0.8668623198200008,0.026870752391663567,30
page-blocks,FIGS,0.9640557517476489,0.02075854812165264,30,0.9677816846590782,0.0065825032574703315,30,0.8572975696002462,0.07994831049728379,30,0.7704385087650636,0.07540248608208373,30,0.7958316148072194,0.06700835735043716,30,0.824314304727252,0.03668694118921488,30
page-blocks,KNN_k5,0.9438082661003075,0.025887446044638933,30,0.9632750192378691,0.005367845284678181,30,0.8358433272308358,0.06240952515500711,30,0.7663546832222009,0.06161700903545466,30,0.7861286210322384,0.054714470268872696,30,0.7989991774780324,0.030609436124476568,30
page-blocks,LightGBM,0.992203304396273,0.00524214625251421,30,0.9709489273498001,0.005760997934496012,30,0.8584595436314805,0.04710656086794854,30,0.8238394945137966,0.056257166165699965,30,0.8332486500094269,0.042785245971498485,30,0.8456237911041709,0.029150991074430598,30
page-blocks,LogReg,0.9700897618667369,0.03290327235801366,30,0.9088874506821103,0.009924087922289656,30,0.6098894929345043,0.029682560424596927,30,0.9171727233129734,0.05011207751630562,30,0.7023485179368283,0.03004840980100002,30,0.6846729792071813,0.023492318121318027,30
page-blocks,MLP,0.9771483123084926,0.03340701246887693,30,0.9698528136217457,0.005418989529991835,30,0.8578550414200845,0.07716146963366549,30,0.7622807223586183,0.08092115364051151,30,0.7918970256133187,0.06481087601058906,30,0.8350331544366087,0.03136085554588866,30
page-blocks,RandomForest,0.9885912799897236,0.007331902824003035,30,0.9668692758999542,0.00582042752197717,30,0.7979973720053396,0.037108754946363134,30,0.9177858585816773,0.038523445400919294,30,0.8469661977696664,0.029697492488555872,30,0.8426114950834791,0.02487578905846716,30
page-blocks,RuleFit,0.990926792611991,0.008050993595818873,30,0.9705827406290449,0.00402513015181303,30,0.8827163411594853,0.05738513037236767,30,0.7993750080491301,0.06504952654135698,30,0.8252906059648543,0.05144174541540714,30,0.8397131630475936,0.02195022347441227,30
page-blocks,SVM_RBF,0.9796085237289555,0.011272164705881486,30,0.9266709145660692,0.00791964207874423,30,0.6136938652390644,0.0343303902332733,30,0.8520790656218603,0.05202048239666527,30,0.6910295712426754,0.03873531333732205,30,0.7052114897879368,0.023558768252717507,30
page-blocks,TabPFN,0.9950712681696864,0.003681351349122943,30,0.977647597824008,0.004935170334069758,30,0.888232550824407,0.046358742542188254,30,0.8883726854256138,0.03905032779185928,30,0.8814411775654903,0.03457415457782791,30,0.8824445447265337,0.024908665099470283,30
page-blocks,XGBoost,0.9924366048519588,0.005003067800143278,30,0.9724716102429977,0.005631367056919937,30,0.8730431563169542,0.051978681222022025,30,0.8515074500657059,0.05083679938758619,30,0.8562366431825162,0.04327430353041774,30,0.853998225413575,0.028654355501173685,30
pendigits,CBM,0.999407677868576,0.0006637436757788633,30,0.9899666666666666,0.016174657345053245,30,0.9916024514957127,0.010102077049448394,30,0.9899309333328087,0.016109844201354268,30,0.9894450197052996,0.018103610662804432,30,0.989120880503732,0.016941132580800496,30
pendigits,CBM_KE,0.9993969238109083,0.0007557859069757222,30,0.9904666666666666,0.018144502983155716,30,0.9923083309387308,0.008949299015799522,30,0.9905020182943821,0.01779203119352629,30,0.9894603309269621,0.023504010474789568,30,0.9897574577824169,0.018336578613647292,30
pendigits,CatBoost,0.9997458815995582,0.00040490180068234924,30,0.9932,0.0025650166363646856,30,0.9933175130259906,0.002526611085322351,30,0.9932238247275371,0.0025758016870078117,30,0.9932335022728119,0.0025679991295414813,30,0.9924515215721872,0.0028465135494117034,30
pendigits,DT_depth3,0.8820228025289379,0.005867430136258142,30,0.5607333333333333,0.01067686294277725,30,0.5019285228621279,0.009007047496665616,30,0.5620021632719031,0.010784572993768195,30,0.5016789681781562,0.009723539731683923,30,0.5511665063603867,0.011748093504896225,30
pendigits,DT_depth5,0.9684400983189311,0.0026943118556389963,30,0.8137000000000001,0.013152028819500236,30,0.8357253017101194,0.012092015046517834,30,0.8123216636359325,0.01314055443941035,30,0.8092597142170256,0.013603552919212466,30,0.7962240218360176,0.014319151298175787,30
pendigits,EBM,0.9995648268332159,0.00047287024653149863,30,0.9923666666666667,0.0023265089035206603,30,0.9924338067446656,0.002304925745523474,30,0.9923307436105309,0.0023228492123998383,30,0.9923425608236074,0.0023234555506561074,30,0.9915256791896075,0.0025831832100159276,30
pendigits,FIGS,0.9897471021753023,0.002182115174009747,30,0.9018333333333334,0.011729959676954928,30,0.9042401713462618,0.011645903262716435,30,0.9013398308227474,0.011772563816087133,30,0.9014037759646113,0.01198782085183597,30,0.891234397849288,0.01295453709546053,30
pendigits,KNN_k5,0.9984776438827777,0.0007786419986503694,30,0.9926999999999999,0.0028302552583797393,30,0.9928352807777501,0.0027792242718721214,30,0.992727181014492,0.0028015412200395047,30,0.9927358288763599,0.002813881999100301,30,0.9918976643434263,0.0031396941872903054,30
pendigits,LightGBM,0.9997174174801138,0.0005112549795427256,30,0.9920333333333333,0.002882567501776651,30,0.9921553411617636,0.0028066825546379137,30,0.9920376509758114,0.0028521043259034247,30,0.9920541649282811,0.0028414738775486927,30,0.9911561008758736,0.003200399448043464,30
pendigits,LogReg,0.9969928911091354,0.0007525522332748029,30,0.9476999999999999,0.006833739825307958,30,0.9478694208878103,0.00668627282188432,30,0.9475659064740387,0.006870134239551577,30,0.9473612432180261,0.006841382718959678,30,0.941961844187695,0.007576906061196136,30
pendigits,MLP,0.9995672454912575,0.0006086711050949548,30,0.9924999999999999,0.003298379957619755,30,0.9925926033301138,0.0032403715330145935,30,0.992480457302632,0.003282523389567309,30,0.9924919546589454,0.003277693857421563,30,0.9916751341310411,0.0036616760109290936,30
pendigits,RandomForest,0.9997000733188295,0.00043977082673709645,30,0.9914666666666666,0.002661777126519861,30,0.9916579113469796,0.0025613764721753194,30,0.9915545342661349,0.0026278962578660087,30,0.9915533831546416,0.0026069628026783673,30,0.9905289869102052,0.0029549875495475204,30
pendigits,RuleFit,0.9966116903422689,0.0010227044767053232,30,0.9450999999999999,0.008844830947098899,30,0.9463327330871716,0.008544543692295707,30,0.9451434506844669,0.00882407808644795,30,0.9451362809594013,0.008815984823761476,30,0.9391249622749646,0.009799833974097475,30
pendigits,SVM_RBF,0.9997490533625897,0.00040688965983033616,30,0.9939666666666667,0.0025255021123610677,30,0.9940480206333822,0.0024899166916634405,30,0.9939456447085628,0.0025299094040721016,30,0.9939623898959055,0.0025263404441896913,30,0.9933027929843291,0.0028026489929308105,30
pendigits,TabPFN,0.9998961146353321,0.00023146164245174116,30,0.9977333333333332,0.0016595249285580932,30,0.9977372306875218,0.00165919706668453,30,0.9977115140962997,0.0016735046311701376,30,0.9977130268597579,0.0016731600591630492,30,0.9974834921747926,0.0018426988269426708,30
pendigits,XGBoost,0.9997089985543107,0.00048128157438749597,30,0.9918666666666667,0.0028615565252369975,30,0.9919909284935199,0.0028013390234328923,30,0.9918887009025332,0.002849209360287237,30,0.9918959909518592,0.002838455965892586,30,0.9909711160592206,0.003176918929507038,30
phoneme,CBM,0.9412059290051575,0.010601261293073186,30,0.89193103763036,0.015014425521699036,30,0.8696809764263194,0.018586520505954926,30,0.8719810297536236,0.019613040432585323,30,0.8702137765804847,0.01785672028464784,30,0.7415149568911799,0.03531053922487482,30
phoneme,CBM_KE,0.946558060907229,0.011442442351271807,30,0.8931668606375939,0.013889726761420638,30,0.8730278014146986,0.01570279555663953,30,0.8704618941255807,0.023228192854930368,30,0.8706814969817103,0.01843783820929413,30,0.7431670614869176,0.034015720369172185,30
phoneme,CatBoost,0.9538014746564658,0.007874563279653385,30,0.8967424294288127,0.009273145949051867,30,0.8772487638967241,0.011818657375158404,30,0.8726738038578961,0.011954390329606754,30,0.8747688386117451,0.011227814631461193,30,0.7498696761324298,0.022463219624596367,30
phoneme,DT_depth3,0.8305337211602326,0.016766903025493576,30,0.7622719700600169,0.01932396525444375,30,0.7398706751838973,0.016948827846293483,30,0.7840857241635055,0.018858388702713266,30,0.7434730410362677,0.019418566656253213,30,0.5220838377859557,0.03573412758803391,30
phoneme,DT_depth5,0.8764125718757787,0.01531006811167952,30,0.7856504872093288,0.022411320724000955,30,0.762970085123716,0.019076071459302284,30,0.8100855796668518,0.01909662230503099,30,0.7681436947307176,0.021980792342822027,30,0.5710962709378625,0.03807077902396512,30
phoneme,EBM,0.9447137655296977,0.00863533389600391,30,0.8837898496154811,0.013022180475175902,30,0.860358305458331,0.016043735874268508,30,0.8596401244328633,0.015710714358751772,30,0.8598061727641284,0.015379288162056401,30,0.71994939764404,0.030625541191024078,30
phoneme,FIGS,0.8760572767165087,0.014840702171795379,30,0.8247575363410237,0.01281127548407086,30,0.7996479974980761,0.016827470125026375,30,0.7604174887190053,0.0221062006316854,30,0.7746619036634858,0.01965660088014939,30,0.5584074445869079,0.03591415152907486,30
phoneme,KNN_k5,0.9282055545913949,0.010866353712853775,30,0.8743527076059423,0.011781434377755301,30,0.8530649431572919,0.015100727787312392,30,0.8395688745945935,0.014773861398411123,30,0.8456596147876282,0.014367107436020418,30,0.692446650333994,0.028559742404750996,30
phoneme,LightGBM,0.9616597055846885,0.007045826211907653,30,0.9061807124438055,0.009853547264685117,30,0.8890842712199609,0.012328569700566044,30,0.8837104226834154,0.01348821063687653,30,0.8861109685638772,0.012107426892579355,30,0.7727157681204342,0.02397849508980451,30
phoneme,LogReg,0.8109393462445944,0.015165597666078891,30,0.7264362976655029,0.01886514176349363,30,0.705123406020229,0.015196163077629277,30,0.7432514487673682,0.017146287035039034,30,0.7055364581751746,0.01800844491432634,30,0.446743499799946,0.0321956607273236,30
phoneme,MLP,0.9212801113549941,0.015292599743073539,30,0.8533190707651582,0.020113644092665084,30,0.8263423039870278,0.025891726630056722,30,0.8175518605181211,0.023225703904368452,30,0.8210920568605113,0.023336869349244962,30,0.6436580056136851,0.04670627072733562,30
phoneme,RandomForest,0.9655775779256569,0.006570119292482705,30,0.9065494854065402,0.010258242661483423,30,0.8813839463489603,0.012167003555112426,30,0.9021598403777419,0.012413848178597385,30,0.8904561208307223,0.0119427079388314,30,0.7832450336431475,0.023804618223872948,30
phoneme,RuleFit,0.888377770507854,0.01179693739882576,30,0.7938528331165423,0.01465291262012899,30,0.7934314004083242,0.021323142823123416,30,0.6801292016762216,0.02644805260342727,30,0.7003622992168373,0.030687575635006355,30,0.4588841803846865,0.04588135538463959,30
phoneme,SVM_RBF,0.9043522018243715,0.012594584143925785,30,0.804590150840921,0.015883843865547354,30,0.7846051271873602,0.013294981211793103,30,0.8381208778677198,0.014182030125588245,30,0.7898837640236721,0.015824923292588673,30,0.620418257745013,0.027445005202432836,30
phoneme,TabPFN,0.9806056416243335,0.004283304053223573,30,0.9318398712945848,0.009274146135814763,30,0.9207575556353363,0.011991567213404141,30,0.9140406581557886,0.011656469083441038,30,0.9171830638228013,0.011191122955252932,30,0.8347358025801538,0.02233505783507799,30
phoneme,XGBoost,0.9597325355043675,0.006955461078516395,30,0.9038971041281577,0.009336114543801302,30,0.8864128981347161,0.01216980669309993,30,0.8806816086223309,0.011936593043650618,30,0.883299189249639,0.011302526825711413,30,0.7670254593255336,0.02251211941255024,30
satimage,CBM,0.9823775170741352,0.015833530355553606,30,0.9126490409538621,0.02167343646928139,30,0.901146452146175,0.023687229941867685,30,0.8940084416395723,0.02859468733046369,30,0.8948964405691906,0.032018719424708374,30,0.892673147351278,0.025841146742704484,30
satimage,CBM_KE,0.9900298667597653,0.0031753262751431106,30,0.9148781752203214,0.02513989780372162,30,0.9014420827597686,0.04483497128010893,30,0.8935588337636672,0.03863569808864713,30,0.894278596145925,0.04614843478843791,30,0.8955538326179561,0.02954650557045334,30
satimage,CatBoost,0.991126993541865,0.0018380228465264203,30,0.9187143597719025,0.01000360470957126,30,0.910556906172209,0.01233500664489087,30,0.8965909458970799,0.01327628908894159,30,0.9019698178891001,0.012734871260964611,30,0.8997875919856236,0.01236122166697477,30
satimage,DT_depth3,0.8307639646301502,0.009375673023407487,30,0.5849144634525661,0.015151982831197694,30,0.5763561111755917,0.018005641972870516,30,0.5765174728842091,0.0176278613159422,30,0.5478851681756053,0.017635705690844106,30,0.5431794419747964,0.01823756300225184,30
satimage,DT_depth5,0.9324309512851481,0.008271208845028835,30,0.7614826334888544,0.02609879280803414,30,0.801582675880873,0.012990130364678951,30,0.7650043698459377,0.01878970736853442,30,0.7621784356612155,0.018637307688228622,30,0.721088348213012,0.025627893462374915,30
satimage,EBM,0.9899421197888124,0.0020251077899768087,30,0.9171073094867808,0.008770535937814995,30,0.9049617926556688,0.011000440520840517,30,0.89667128892955,0.011195099283618047,30,0.8999492909262564,0.010708029165931766,30,0.897756347177923,0.01083525090547381,30
satimage,FIGS,0.9640517631988298,0.006274688079052053,30,0.85966822187662,0.010474021092038295,30,0.8421568635016953,0.013385185337328655,30,0.823203599163437,0.01308196944151311,30,0.8299623943048083,0.012802765417032418,30,0.8266920051745162,0.012919542070855291,30
satimage,KNN_k5,0.9815238547329469,0.004147392334636328,30,0.909279419388284,0.008120574277282466,30,0.8970061077481607,0.009097044544295215,30,0.8919923764754182,0.011145787646205807,30,0.8939405533611161,0.009997515058901287,30,0.888163527821365,0.0100017844106703,30
satimage,LightGBM,0.9916924153212624,0.0019213334193123478,30,0.9269051321928461,0.008013742634211656,30,0.918885359986783,0.01054233578551303,30,0.9075741434571244,0.010355209244415995,30,0.911920430749564,0.010329525395915192,30,0.9099263761993328,0.009858499564904028,30
satimage,LogReg,0.9769981344498456,0.0033566402103445015,30,0.8559357179885951,0.012769082900404401,30,0.8364385784631168,0.012003055584127922,30,0.8431990786583653,0.015560973914170969,30,0.8363782207119873,0.013933982692412597,30,0.8245601745060878,0.015327046908269,30
satimage,MLP,0.9891212908330256,0.0025628161578479572,30,0.908812856402281,0.014097724258714604,30,0.897016838699765,0.017012155304144495,30,0.8868195064151005,0.01841122005210864,30,0.8899355284255211,0.01759648075906856,30,0.8876879624532337,0.017358746611001327,30
satimage,RandomForest,0.9908666766988296,0.0017556593067442447,30,0.9157594608605495,0.008587309128727655,30,0.9013097269128983,0.010562879231769675,30,0.9008672290753947,0.010190663861084704,30,0.900569244691115,0.010101941405861738,30,0.8963138080897397,0.010524854217172804,30
satimage,RuleFit,0.9694844634119472,0.004307237247701008,30,0.8603939865215138,0.011891094982887575,30,0.8471889261595733,0.013858051904641882,30,0.8209174061604585,0.013706238199399257,30,0.8297948288791427,0.013370819390910886,30,0.8277168201494319,0.014782031074336736,30
satimage,SVM_RBF,0.9859873636960061,0.0027018959652853,30,0.8848107827890099,0.01281114252568823,30,0.86951658246441,0.012594801921876708,30,0.8837290675049243,0.012770734250756035,30,0.8722568794437051,0.013395549862222468,30,0.8606097691406565,0.015089381897986826,30
satimage,TabPFN,0.9964889335122133,0.001007203786517242,30,0.9417314670813893,0.009010534848464495,30,0.9359874686933368,0.011165587390836985,30,0.9268020499705174,0.011171746550992512,30,0.9303650476133624,0.011033485392636011,30,0.9282090687089913,0.011110764066724831,30
satimage,XGBoost,0.9912328497161286,0.001766927604712189,30,0.9233799896319337,0.008208425723262962,30,0.914115801340262,0.010968213954783501,30,0.9035178629145644,0.011396039108297128,30,0.9074864420297588,0.010830065977835843,30,0.9055603742285498,0.0101430733773226,30
segment,CBM,0.9966023875114783,0.002736592370496996,30,0.9727272727272727,0.012461373310704363,30,0.9735064321009355,0.012091536206974424,30,0.9727272727272728,0.012461373310704354,30,0.9726161710598189,0.012517673694010517,30,0.9683492640769155,0.014453449461441802,30
segment,CBM_KE,0.9966213360152754,0.002576579069444529,30,0.9724386724386724,0.011224556865157692,30,0.9734128369889924,0.010770661127940263,30,0.9724386724386724,0.011224556865157685,30,0.9723421952670951,0.011341204954730757,30,0.968043898721648,0.012973011120208593,30
segment,CatBoost,0.9994067660734327,0.0006613588900943227,30,0.9841269841269842,0.00790364440844394,30,0.984501509935892,0.0077321126890626205,30,0.9841269841269842,0.00790364440844392,30,0.984081669237735,0.007956178681405326,30,0.98155973932349,0.009173549989561108,30
segment,DT_depth3,0.8550701823429097,0.001695070819329295,30,0.5685425685425686,0.002861015377711084,30,0.459358604100541,0.0035072896425880425,30,0.5685425685425686,0.002861015377711084,30,0.4818462614759454,0.0021665125493882977,30,0.586659738362308,0.003002361488375018,30
segment,DT_depth5,0.9618100193857769,0.00444182133290867,30,0.8252525252525252,0.013426573008880066,30,0.7589449860930527,0.026026151909981088,30,0.8252525252525252,0.013426573008880073,30,0.7789793341212765,0.016303081846702067,30,0.8150287590481384,0.013885827675298093,30
segment,EBM,0.9990664217936945,0.0005318154613596595,30,0.9784992784992784,0.008841417073570293,30,0.9789882436160047,0.008640578751096214,30,0.9784992784992785,0.008841417073570253,30,0.978508410438565,0.008848136868349536,30,0.9749957364262326,0.010277811865382666,30
segment,FIGS,0.9946375734254522,0.0028728302599526252,30,0.9513708513708514,0.013627218401315398,30,0.9558506278351009,0.010155435776507012,30,0.9513708513708514,0.01362721840131541,30,0.951965217964644,0.013169780994532128,30,0.9439008771610057,0.015251864973266208,30
segment,KNN_k5,0.9854187619339135,0.004565908586028742,30,0.9274170274170274,0.014455617431745674,30,0.9291673398955144,0.013983644944369825,30,0.9274170274170275,0.014455617431745676,30,0.926535157295114,0.015038789331071296,30,0.9159017892619635,0.016585511102561946,30
segment,LightGBM,0.9996071829405163,0.0005772737750722619,30,0.987012987012987,0.007099639916760124,30,0.987436687966847,0.0068217636339714125,30,0.987012987012987,0.007099639916760124,30,0.9869723955986228,0.007200623872860707,30,0.9849325583654898,0.008203909185963889,30
segment,LogReg,0.9932499599166266,0.002718173244091368,30,0.93001443001443,0.01411178176358997,30,0.9317541934057559,0.014010704758611891,30,0.9300144300144301,0.014111781763589935,30,0.9300953188885692,0.014147192329385662,30,0.9186424383447789,0.0164011907044284,30
segment,MLP,0.993641683793199,0.0052403644438943605,30,0.9512265512265512,0.018781587963579396,30,0.9525531672457656,0.018826618543026297,30,0.9512265512265512,0.018781587963579396,30,0.9508504952388054,0.019261838110236348,30,0.9434530416271393,0.021753813051572847,30
segment,RandomForest,0.9994038509190024,0.000467750625253248,30,0.9800865800865801,0.009619677889820396,30,0.9805784615384457,0.009325693691957375,30,0.9800865800865801,0.009619677889820375,30,0.9800772439190326,0.009641939163515557,30,0.97685387861278,0.011163990213978795,30
segment,RuleFit,0.9966322678443891,0.0021812745839325533,30,0.9525252525252524,0.02358751503173251,30,0.9583888117887909,0.016675142081592473,30,0.9525252525252526,0.023587515031732547,30,0.9530759952984001,0.022677885617068506,30,0.9456272797407728,0.026178713210662,30
segment,SVM_RBF,0.9648446951477254,0.0067741652082871995,30,0.6585858585858586,0.04471072802050966,30,0.6559617572498762,0.056332457716187306,30,0.6585858585858586,0.044710728020509675,30,0.6137802211521037,0.056272845576912124,30,0.6272108271508376,0.045035240738280864,30
segment,TabPFN,0.999752211873424,0.00024530698860833196,30,0.9893217893217893,0.006890237452417447,30,0.9895440722721152,0.006777680109916118,30,0.9893217893217893,0.006890237452417447,30,0.9893035548132437,0.0069188991176924505,30,0.9875857652472724,0.0080098008319987,30
segment,XGBoost,0.9994606964303934,0.0008249321356932993,30,0.9855699855699857,0.007038697674182947,30,0.9860386808285969,0.006791406315471625,30,0.9855699855699857,0.007038697674182947,30,0.9855532893073247,0.007075361922484175,30,0.9832498234539392,0.008156627200338117,30
spambase,CBM,0.9803582189428529,0.005830187209972567,30,0.9463903297808796,0.01056445682194782,30,0.9437287138316273,0.01104635506434113,30,0.9444555883472759,0.011531892806461205,30,0.9439232382808113,0.011079977336662095,30,0.8881713342189046,0.022069454896963037,30
spambase,CBM_KE,0.9815248897432981,0.0048911920328142,30,0.948780062246534,0.00990976893055378,30,0.9465339126087298,0.010564550540039115,30,0.9463937463473638,0.01052521426555831,30,0.9463705889162828,0.010366671082647117,30,0.8929200846312318,0.0207535390965899,30
spambase,CatBoost,0.9883779856281679,0.003836657771318481,30,0.9579092395234053,0.010212361471657657,30,0.9568000687403623,0.010743124952864338,30,0.9551794821938002,0.011116590295410365,30,0.9558540250755637,0.010724673530534669,30,0.9119672058373419,0.021392627631214252,30
spambase,DT_depth3,0.9025562983970896,0.015158288031034932,30,0.8776368323430476,0.015027247185993693,30,0.8741509988560805,0.01565928454150159,30,0.8696801925819246,0.016970112736491568,30,0.8711878230619033,0.01601516425813047,30,0.7437644145272484,0.031431681200438835,30
spambase,DT_depth5,0.9321298070849152,0.01318016104298067,30,0.9032102549592883,0.013892712115171048,30,0.8980867775046082,0.014530449569146087,30,0.9007408726991535,0.014968184143326823,30,0.8990355620800191,0.014493332915572595,30,0.7988032349876477,0.028941879117387843,30
spambase,EBM,0.9882282710477649,0.0043982212989474335,30,0.9574026218994625,0.008580309259289608,30,0.9558651942798166,0.009048394302464617,30,0.9550833328491936,0.009347915017349289,30,0.9553660691521892,0.008995813197706806,30,0.9109394693011381,0.017949999572346612,30
spambase,FIGS,0.9530791963602514,0.01219486702034695,30,0.9088616429312458,0.01635757802802609,30,0.9096158938393815,0.01618250083540486,30,0.899211218809413,0.019137866151430708,30,0.9033709196489138,0.01771274208414588,30,0.808709827698955,0.03436453501165517,30
spambase,KNN_k5,0.9566088610424858,0.008992585413521359,30,0.9090774623534219,0.011936035646397555,30,0.9072640690738164,0.012182533781471012,30,0.9018025878082692,0.013655121646946504,30,0.9041671855995337,0.012784256152504838,30,0.809031520402596,0.025355368841366195,30
spambase,LightGBM,0.9891089482893993,0.003973341651066257,30,0.959139866075639,0.00783260926041256,30,0.9576433044272571,0.008647569449414258,30,0.9569645509272386,0.008097283682445923,30,0.9571984988845348,0.008171542997370527,30,0.9145988659707763,0.016259889349326626,30
spambase,LogReg,0.9721137457547278,0.005806808310679476,30,0.9287865069634381,0.012572973126415893,30,0.9247249972708604,0.012702905670942469,30,0.926967024470387,0.01411562952390894,30,0.9256269217132872,0.013275078166161296,30,0.8516767340623336,0.026455738959643506,30
spambase,MLP,0.9811700111807398,0.005870755312851224,30,0.9422592662454022,0.010868369555874655,30,0.9406649113677737,0.012016183624749583,30,0.9386929818517501,0.011384336489740467,30,0.9394328120913852,0.011372099921530484,30,0.8793354254287086,0.02261814859762555,30
spambase,RandomForest,0.9874388970436495,0.004687198974953027,30,0.9562419441038699,0.010075538376910404,30,0.9547110209495704,0.011035100336731577,30,0.9538036561871424,0.010364043422608018,30,0.9541524795751474,0.01052662887690016,30,0.9085055661038886,0.021027954154537124,30
spambase,RuleFit,0.9686937773347081,0.007191284826781608,30,0.9215409160929297,0.011462828214183846,30,0.9292336073295235,0.010428606219969855,30,0.9076509496729479,0.01404477631730181,30,0.9158774783453055,0.012626747008440874,30,0.8365746517913543,0.02379996551544567,30
spambase,SVM_RBF,0.9654573643871227,0.007355306570652044,30,0.913281618409884,0.012844192157386953,30,0.9087581283826629,0.013537288983537198,30,0.9103477757758788,0.013520706075656816,30,0.9093982916107326,0.013404332088596371,30,0.8190952244924485,0.026772528531074983,30
spambase,TabPFN,0.9915901116421452,0.0037934346604747613,30,0.9637052406551605,0.009493742851262546,30,0.9625048284333404,0.010068205246862251,30,0.9615729664038228,0.01002200031105005,30,0.9619666755859824,0.009929235132346252,30,0.924071610507864,0.019819654395396215,30
spambase,XGBoost,0.9872949771372096,0.004369200768155047,30,0.957763997610739,0.008139037027103195,30,0.9564486873071476,0.0084398001279276,30,0.955187435797049,0.00906906663629334,30,0.9557165270374478,0.008558090428162706,30,0.9116270087819196,0.017075233225380133,30
tic-tac-toe,CBM,0.9967077099113785,0.006165592842785171,30,0.9881615497076024,0.011556861973979265,30,0.9877768912969362,0.012014968352596226,30,0.9864079714648974,0.0145174996886671,30,0.9868706657255363,0.012899942911121696,30,0.9741441540064261,0.025225047004852407,30
tic-tac-toe,CBM_KE,0.9919278703118046,0.014134745247657626,30,0.9805080409356726,0.015905202108002215,30,0.9823741286421598,0.014020815695997094,30,0.9750840153591577,0.022257539214311176,30,0.9781295128778732,0.018136295666862236,30,0.9573321152538724,0.03483836163991067,30
tic-tac-toe,CatBoost,0.9999679333012667,0.00017563654240983434,30,0.9892141812865497,0.01076344262698772,30,0.9920193494144054,0.0077666562152289955,30,0.9843731431966726,0.015658246080919508,30,0.9878826737315357,0.012263994441044014,30,0.9763289455715317,0.023539884012781797,30
tic-tac-toe,DT_depth3,0.7706239642593217,0.046748582463873325,30,0.6510562865497076,0.04527748830071019,30,0.673357468322879,0.03552552423968534,30,0.6865957396317928,0.03925070195208317,30,0.6471472241973337,0.04336628528506874,30,0.359675484408681,0.07451232268882758,30
tic-tac-toe,DT_depth5,0.9517187286557938,0.035028689621389573,30,0.8782383040935673,0.04956532433314811,30,0.8641952905190069,0.05258182015850222,30,0.8801586388872916,0.053385954758872804,30,0.869129704820219,0.05312568212032397,30,0.7441054286590222,0.105406144703758,30
tic-tac-toe,EBM,0.9999683744465528,0.00017322029016609056,30,0.998263888888889,0.0061676406241329106,30,0.9987174573112073,0.0045151269415034685,30,0.9974896019013666,0.008949829763813113,30,0.9980490189026748,0.006968539765274392,30,0.9961961188683454,0.013512325108478438,30
tic-tac-toe,FIGS,0.8699151502677752,0.05014152188453935,30,0.7696454678362573,0.04858635178394749,30,0.770325664473495,0.06707151857510195,30,0.7051955353663133,0.05910821571580432,30,0.7160225909647656,0.06393576007215768,30,0.4695303165582533,0.1206523124843711,30
tic-tac-toe,KNN_k5,0.9761950169445426,0.010242237596759423,30,0.9269554093567252,0.02151228495710536,30,0.9319705537122913,0.024244757255351048,30,0.9071097256106744,0.026611760727378843,30,0.917054119903516,0.02446114214838323,30,0.8385398054293993,0.04805280203558293,30
tic-tac-toe,LightGBM,0.9999518999519,0.00019364016350955574,30,0.9951315789473685,0.009374866226673524,30,0.9964002997072027,0.006822193785414945,30,0.9929590017825312,0.013611825225895902,30,0.9945304566815889,0.010631230965423271,30,0.989329012845364,0.020519162961999075,30
tic-tac-toe,LogReg,0.9922387408314037,0.00831816018613353,30,0.9752960526315789,0.012980221515039277,30,0.9753505169104013,0.01239103560834067,30,0.970440877556627,0.017878640624867725,30,0.9724792116048131,0.01472748136109063,30,0.945708299615399,0.02863351339918775,30
tic-tac-toe,MLP,0.9931567261421784,0.007612976563514901,30,0.9718347953216374,0.01731854744619645,30,0.9731940306402146,0.01637842965912244,30,0.9649518816976123,0.023398318043003328,30,0.9684555888081335,0.019810456650123924,30,0.9380227909524809,0.0385074118277518,30
tic-tac-toe,RandomForest,0.9997507605192614,0.0004677056872616625,30,0.9906067251461989,0.011070249220863252,30,0.990724137086176,0.011982718040941814,30,0.9887812798628738,0.013107362384527544,30,0.9895954301000655,0.012256370654664586,30,0.9794774544308705,0.024118144071047166,30
tic-tac-toe,RuleFit,0.9837209935565406,0.01435496290951469,30,0.9328728070175439,0.03075610412775261,30,0.9271207353342724,0.034364391046624344,30,0.9294792827525276,0.032450001523525195,30,0.926438180318771,0.033122589314006724,30,0.8563522321465603,0.0637428310610665,30
tic-tac-toe,SVM_RBF,0.9990040384569164,0.0013057718764010401,30,0.9836476608187135,0.011190982157770625,30,0.9826320291225691,0.011674668845336623,30,0.9815449379491125,0.014219413241085587,30,0.98188111533854,0.012501477018611035,30,0.9641384121401602,0.024610422849636108,30
tic-tac-toe,TabPFN,1.0,0.0,30,0.9933954678362574,0.011447656821606082,30,0.9951405685137302,0.008248384038319997,30,0.9904486036838978,0.0165948818548455,30,0.9925599542851221,0.013054154639220385,30,0.9855403737307864,0.024977479710254782,30
tic-tac-toe,XGBoost,0.9990226958601406,0.003382669226920049,30,0.9902558479532164,0.010920916474085045,30,0.9920579446924093,0.00981556261667954,30,0.9866118490406915,0.014575277197898907,30,0.989126672651812,0.012227595293199058,30,0.9786285119044432,0.023893511160521994,30
vehicle,CBM,0.9555462774713654,0.014345493211190939,30,0.8160364145658263,0.04124677943208642,30,0.8195846482002161,0.04120149704996594,30,0.8182513100934153,0.04045264585462066,30,0.8144471864854055,0.04351237418419453,30,0.7575631788081151,0.05366375281093956,30
vehicle,CBM_KE,0.9535029307243161,0.01825776023577019,30,0.8191736694677871,0.05033053235802873,30,0.824459973977847,0.05325936574506798,30,0.8213756930204299,0.04961534503834704,30,0.8184082508436409,0.05125010455390527,30,0.7617798151536468,0.06705727549915359,30
vehicle,CatBoost,0.9387660835769651,0.01437889125664006,30,0.7734547152194211,0.04019184158211574,30,0.7721853933527955,0.04651519270958731,30,0.7760540555935294,0.03947249680067236,30,0.7706448687037816,0.042389499602918,30,0.7000007524059555,0.053895738168180114,30
vehicle,DT_depth3,0.8502610361501388,0.019120619596769823,30,0.6430765639589169,0.035508374793082075,30,0.6186066240741576,0.08732908155939635,30,0.6479488493962179,0.035650736453822586,30,0.5891217529557774,0.04766709329103879,30,0.5468986342662262,0.04570206954841613,30
vehicle,DT_depth5,0.8846029085593675,0.022231169109359544,30,0.698954248366013,0.034192600948838525,30,0.7016347945749123,0.044708266227368766,30,0.7005944786207945,0.033824648151907354,30,0.6875919192250196,0.03671219090941113,30,0.6058981473956072,0.047109959287337626,30
vehicle,EBM,0.9457349058622931,0.01592500470237582,30,0.790798319327731,0.04627661214592256,30,0.7924835798406531,0.04731302520216624,30,0.7930520429862535,0.04586854978608315,30,0.7894838853332248,0.046503342508072976,30,0.7231070042961101,0.061719778095947274,30
vehicle,FIGS,0.8991713096106244,0.01558247353970141,30,0.699780578898226,0.040116340621792874,30,0.7023219524476926,0.038967362769720904,30,0.7021060226323385,0.04025561023563578,30,0.69807541697752,0.0398615886259841,30,0.6024679570723672,0.05339533242875459,30
vehicle,KNN_k5,0.9039061905308756,0.016709317027498213,30,0.7064892623716154,0.035299087356713915,30,0.7054331619890902,0.04105908389944393,30,0.7081870395686185,0.035111291284910105,30,0.7028320501718327,0.038865179602636114,30,0.6110049733243375,0.04646046532258012,30
vehicle,LightGBM,0.9351222919524773,0.016023690838281427,30,0.7734733893557423,0.041527180328014626,30,0.7739277568085169,0.044168338991006716,30,0.7760522518417255,0.04055210447768444,30,0.7718019146402167,0.043196889932645616,30,0.7001026239116452,0.0547489538540226,30
vehicle,LogReg,0.9402436554237664,0.013590807226566316,30,0.7860924369747899,0.039079120677957394,30,0.7857815550656355,0.041438040434351724,30,0.7885332649806335,0.0384825014016894,30,0.7834078922382629,0.04145621983033288,30,0.716979069144643,0.05134776306286528,30
vehicle,MLP,0.941328686916176,0.02018628190930755,30,0.7799066293183939,0.06029502754531962,30,0.7768683607547178,0.06931831857151907,30,0.7820773524720893,0.060049846918051694,30,0.7750033566197543,0.06604932233421686,30,0.7093973245301287,0.07943561259268253,30
vehicle,RandomForest,0.9326127368980809,0.012519741078791257,30,0.747376283846872,0.04403546001117289,30,0.7411120208359491,0.049476969924618246,30,0.7507440950862004,0.04300996417404022,30,0.7415716845532014,0.0458575496479986,30,0.666067943900451,0.05903867413211746,30
vehicle,RuleFit,0.9253429998995665,0.017298078101750426,30,0.7431279178338002,0.046615349510938583,30,0.7315532781978412,0.0527187325247178,30,0.7464836333257385,0.04596156294532117,30,0.7328625671757151,0.0503679936480359,30,0.6614583720917863,0.06168232415753288,30
vehicle,SVM_RBF,0.935976286003847,0.012413611946169205,30,0.7664285714285715,0.045428284223511174,30,0.7622256946977892,0.05137408252460745,30,0.7690524606971976,0.044872358249701455,30,0.7595067957245346,0.04855026497193492,30,0.6924973971183054,0.06043886019916947,30
vehicle,TabPFN,0.9814697757151074,0.0075066500084164265,30,0.8905135387488329,0.026083088078471116,30,0.8949729040614591,0.025545619295351533,30,0.8916874572795626,0.025962687250590737,30,0.8912451958253862,0.026143671378712693,30,0.8553662423685472,0.03443394463948767,30
vehicle,XGBoost,0.9334638873495157,0.016864705707482042,30,0.772703081232493,0.05306974808399564,30,0.7731401887465736,0.057550884491431684,30,0.775307302346776,0.05203437867731173,30,0.7705873237000133,0.05483522451425064,30,0.6993108070100316,0.07063843257220503,30
wdbc,CBM,0.9838128450033212,0.01595005386584103,30,0.9612990810359232,0.02749685809475538,30,0.9616565000594928,0.02882994025257701,30,0.9581180856180856,0.0295570124926863,30,0.958594447099823,0.029281417041104485,30,0.9196300955346897,0.056333069786506866,30
wdbc,CBM_KE,0.9848307336402574,0.018440207274339347,30,0.9613095238095238,0.02503749357971515,30,0.9605659060764055,0.026216873988981624,30,0.958023088023088,0.02848750026664566,30,0.9585020192122141,0.026984675750291707,30,0.9184722579795523,0.052931944776788614,30
wdbc,CatBoost,0.99280698137841,0.011611950981889808,30,0.9694966583124478,0.021678917514053514,30,0.9703652550021509,0.021927071763897223,30,0.9656120731120731,0.02545522413255986,30,0.9671796404387916,0.02338344932159,30,0.9358669736584218,0.045637785697660596,30
wdbc,DT_depth3,0.9340085663895188,0.05344743315487623,30,0.9261904761904761,0.0384013463295537,30,0.9197167178006145,0.040543521415011725,30,0.9269733044733044,0.040146186473625584,30,0.9219783433876175,0.04042382951460762,30,0.8465820920542277,0.07992230969559894,30
wdbc,DT_depth5,0.9268336425479282,0.04604144782364474,30,0.9332393483709274,0.03779942981673414,30,0.9283307324590014,0.03949794626110079,30,0.9312722462722464,0.039735631423550105,30,0.9289916668935572,0.040013685304375164,30,0.8595288640434923,0.07855712641255862,30
wdbc,EBM,0.9954387411530269,0.008357225163349007,30,0.9777568922305765,0.01950562672012509,30,0.9797445648761438,0.018860005099274543,30,0.9733838383838385,0.023664926704222027,30,0.9759703486098263,0.0212260989823867,30,0.9530470127442687,0.041533373293834636,30
wdbc,FIGS,0.9164341258388877,0.054797405158611236,30,0.929124895572264,0.036838813119264575,30,0.9271405139092678,0.040059010104894086,30,0.9248496873496873,0.03742980120621152,30,0.9243245433185241,0.038999295600617316,30,0.8518431766299681,0.07597129577248195,30
wdbc,KNN_k5,0.9893086190705238,0.014713704475406417,30,0.9660401002506266,0.021580046949535185,30,0.9702699097607563,0.02045934203465267,30,0.9584247234247235,0.02654959334390928,30,0.9631407758588916,0.023431375408379494,30,0.9285114579337737,0.04540286109873381,30
wdbc,LightGBM,0.9929329576948625,0.011559181318669513,30,0.9636904761904763,0.02477258871431493,30,0.9645437310674893,0.026020109305163176,30,0.9587037037037037,0.02788416090681175,30,0.9609138444261636,0.02657839354116279,30,0.923150357923394,0.05259842106911037,30
wdbc,LogReg,0.9949710254472159,0.008070083181316197,30,0.9730367585630744,0.021504060651224503,30,0.972325042178017,0.023040744901693586,30,0.9716474266474265,0.022963805261190386,30,0.9712134402049737,0.022900827257571844,30,0.9438885497319662,0.0443456000668962,30
wdbc,MLP,0.9867344648297028,0.01592374320116599,30,0.953686299081036,0.03983071483572023,30,0.9521365954475642,0.04349242590414793,30,0.9511435786435787,0.041232053866536084,30,0.950666050316828,0.042234964527134156,30,0.9031727925034702,0.08362886187851094,30
wdbc,RandomForest,0.9905909434480863,0.013897285032744308,30,0.9613199665831245,0.028949380833668766,30,0.9588985834858428,0.03090253572962578,30,0.9601190476190476,0.031028367918463903,30,0.958768699788518,0.030820191142093733,30,0.9189385290777284,0.06080318206043056,30
wdbc,RuleFit,0.9894453606358369,0.014627796095586716,30,0.9619360902255639,0.02483295453933939,30,0.961881924229481,0.026390564279632253,30,0.9577573352573353,0.0275946283036722,30,0.9591071485779288,0.026598773149469162,30,0.9195473006276934,0.05259825545688689,30
wdbc,SVM_RBF,0.9956606885178314,0.006556894471342824,30,0.9747807017543859,0.01998194286671896,30,0.9737891676116874,0.021754840906444604,30,0.9736387686387686,0.021496147836234856,30,0.9730632195545384,0.02130539568996621,30,0.9473561738238967,0.041690979797023776,30
wdbc,TabPFN,0.9963930690121166,0.006703473144542148,30,0.978874269005848,0.021408593127505707,30,0.9807545314991135,0.021469883281919216,30,0.9752657527657528,0.02412371143048109,30,0.9772594466339722,0.022917460909296212,30,0.9559225269198427,0.04407723637170625,30
wdbc,XGBoost,0.9929399436542294,0.01287059708380852,30,0.9654239766081872,0.02373670393018269,30,0.9659431207486127,0.02581049765865724,30,0.9610618085618086,0.0254476790225112,30,0.9628705443344271,0.025421545598279492,30,0.9269278544780697,0.050118470235314974,30
wine-quality,CBM,0.4918035005872995,0.0449204950064056,15,0.267796140951268,0.17667964539054903,30,0.08232606317096133,0.06188821098797314,30,0.13698379893508955,0.0360565534206254,30,0.07759983559600016,0.0472627921158957,30,0.011403410115400752,0.02523597776598251,30
wine-quality,CBM_KE,0.7359161766153305,0.06422920608205442,15,0.6180835524393806,0.031547388454349595,30,0.3874167326572767,0.08117605927438225,30,0.31803036231335496,0.04767170108881673,30,0.3326258129187826,0.05707643637293553,30,0.42046883208787317,0.04724049891376446,30
wine-quality,CatBoost,0.8399483056854009,0.0365589448386896,15,0.6665985003408317,0.0159054948998921,30,0.5232819887763765,0.04547051693502121,30,0.4036810426199429,0.03468928864134719,30,0.4360438995288322,0.036352294025602916,30,0.48986244323851763,0.024879609130421122,30
wine-quality,DT_depth3,0.5756320668854057,0.05029646204259783,15,0.29242880792398757,0.021434585126320148,30,0.13687941762899677,0.04949517311303303,30,0.22956332197172566,0.05635207871353271,30,0.13071416801803515,0.04221063326332447,30,0.12312070184718543,0.04137591500262062,30
wine-quality,DT_depth5,0.6307944563740365,0.046024449718963044,15,0.3373476343502636,0.04882714360596651,30,0.23021147747114667,0.05794901300909929,30,0.2817417341549541,0.05464144236645825,30,0.20170661348144936,0.0500593405977908,30,0.16202533981388179,0.030875522138436327,30
wine-quality,EBM,0.789064386514067,0.041048012314567485,15,0.5882018001474619,0.021187777140625915,30,0.47135256345054943,0.06534796911896353,30,0.31791294782530527,0.03254393880178609,30,0.3435161808350508,0.03896483359231921,30,0.35896843466518996,0.03426059640336882,30
wine-quality,FIGS,0.6368624842522649,0.039063900239759496,15,0.5447150230235244,0.02039115952736787,30,0.3431039213778556,0.069808194927449,30,0.25390597617403027,0.02523390440639794,30,0.2638615157195591,0.02872218125255592,30,0.2831574986096121,0.03398671392051393,30
wine-quality,KNN_k5,0.696435559349041,0.01984665294978525,15,0.5662155168815992,0.017186908821255877,30,0.37924124425063777,0.06668790133807649,30,0.31920306351746625,0.0344824387218528,30,0.3328818399641083,0.0411396346950933,30,0.33742420238504184,0.026571882795577935,30
wine-quality,LightGBM,0.8266674317945965,0.053453298431069766,15,0.6962007706968267,0.019146631370140218,30,0.5540823788128634,0.05518803199467858,30,0.4363610122748389,0.03927491622056391,30,0.4719354361798443,0.044039572160667145,30,0.5370731696687496,0.029814608447654756,30
wine-quality,LogReg,0.7263057245910163,0.04367191451363927,15,0.30870330954467673,0.0224196162246852,30,0.24149596673473425,0.015080189295336503,30,0.3398460004400361,0.07800001123679835,30,0.21620968806800625,0.01716182225855687,30,0.16361182277233718,0.024712998548421867,30
wine-quality,MLP,0.7281730275569733,0.06365401678162907,15,0.5666268797907711,0.017862800636121175,30,0.3571547614353985,0.08320225229977055,30,0.2870156517069578,0.0459612660542804,30,0.2960973150119989,0.055989777646684384,30,0.3221608979284343,0.0296574787529701,30
wine-quality,RandomForest,0.8514202587247476,0.04611140691272649,15,0.6675563067762893,0.01829025574827412,30,0.4747293686227864,0.05546993851593408,30,0.45809379544630247,0.04642533556249197,30,0.45933974587545073,0.04778559300842899,30,0.5201341761987501,0.025692793891181436,30
wine-quality,RuleFit,0.7827982740583665,0.025500652406132668,15,0.5473666930985073,0.019909024295075923,30,0.3201440191335202,0.07099189766952357,30,0.24409891364780353,0.026363257266548534,30,0.24719111670205007,0.031088352941486923,30,0.2787939350187915,0.03477465978144816,30
wine-quality,SVM_RBF,0.8091555820363977,0.02295990340320455,15,0.43814239806351984,0.02235355063230677,30,0.28648172301815295,0.031462195541089304,30,0.3704105208232106,0.05287358209670255,30,0.2915818838229203,0.035961450974087615,30,0.27077775966508805,0.0259404892143008,30
wine-quality,TabPFN,0.9216037971855978,0.017993426470716407,15,0.7158703726889528,0.017863007197932455,30,0.6048868826782091,0.05092434858251502,30,0.4333034874226685,0.03856352696232725,30,0.4760464979832894,0.041783370328122266,30,0.565169328044455,0.028156645854319436,30
wine-quality,XGBoost,0.8371509022969363,0.03673893609582544,15,0.6917794193341958,0.019049890348775873,30,0.5335594426498375,0.05524176622798021,30,0.43761136172770054,0.04147233016274617,30,0.46899497270174734,0.04601508625318231,30,0.5311887149686719,0.029319997557352546,30
