Dataset,mode,sub_seed,Algorithm,CV index,Status,Accuracy,AUC_ROC,Precision,Recall,F1_macro,MCC,wall_s
bank,nonstrat,101,CBM_KE,0,OK,0.9095,0.9317015750650478,0.7994142820875494,0.7336979470134625,0.7607514782848921,0.5290463232283918,2580.7
bank,nonstrat,101,CBM_KE,1,OK,0.906,0.9245775726023132,0.7810244616563984,0.7585647258084681,0.7690985015966594,0.5391215553978862,1979.3
bank,nonstrat,101,CBM_KE,2,OK,0.9085,0.9222705280961694,0.7900093082659567,0.7528242423670559,0.769549128536807,0.5415584313506142,2214.1
bank,nonstrat,101,CBM_KE,3,OK,0.901,0.9237826094135909,0.7655434942024513,0.7861596201161071,0.7752533507682249,0.5513177864907939,2150.3
bank,nonstrat,101,CBM_KE,4,OK,0.8975,0.9149813997485369,0.7600661057692308,0.7286663254065046,0.7428498136288344,0.48772271125724437,1823.7
bank,nonstrat,101,CatBoost,0,OK,0.914,0.939238392240027,0.8110821724267102,0.748789273422517,0.7749892727443983,0.5563952108087897,0.6
bank,nonstrat,101,CatBoost,1,OK,0.906,0.9374479558594919,0.7922202078916993,0.7155942526756291,0.7456462209522572,0.5019999893909477,0.6
bank,nonstrat,101,CatBoost,2,OK,0.9025,0.9362566905470149,0.7778083700440528,0.7189757949042153,0.7433155080213903,0.4932881862012949,0.6
bank,nonstrat,101,CatBoost,3,OK,0.903,0.934194975927005,0.78206795308649,0.7103078654176859,0.7386508456127021,0.4871185035136962,0.6
bank,nonstrat,101,CatBoost,4,OK,0.9065,0.9268704634611801,0.7897792568473472,0.7284115597555194,0.7538461538461538,0.5145441945695155,0.6
bank,nonstrat,101,TabPFN,0,OK,0.9235,0.9495375295752254,0.8339191022320878,0.7810466150373067,0.8042575893362605,0.6126886105637173,10.1
bank,nonstrat,101,TabPFN,1,OK,0.904,0.9459425031668788,0.7794595020707169,0.7341520431969315,0.7538707667694768,0.5116092782608832,7.2
bank,nonstrat,101,TabPFN,2,OK,0.9115,0.9431117737114874,0.7981269820653527,0.7599010660055341,0.7771048948142887,0.556717236822421,7.6
bank,nonstrat,101,TabPFN,3,OK,0.9105,0.9418190739268586,0.7969444444444445,0.7521708156511031,0.7719046408485657,0.547286845296392,8.9
bank,nonstrat,101,TabPFN,4,OK,0.9055,0.9362236653700353,0.780196395947517,0.7546996006312527,0.7665443185965979,0.5342879753322132,8.9
bank,nonstrat,102,CBM_KE,0,OK,0.914,0.9263048988158884,0.7946786856644373,0.750831650231674,0.7702494396490693,0.5437453117528888,2208.3
bank,nonstrat,102,CBM_KE,1,OK,0.896,0.9143895291275593,0.742689229023545,0.694814066769633,0.714905247114101,0.43487596239508847,2071.0
bank,nonstrat,102,CBM_KE,2,OK,0.9015,0.9041224581380267,0.7655644793802688,0.6839337802884414,0.7142523528852898,0.44202388443496893,2193.2
bank,nonstrat,102,CBM_KE,3,OK,0.8945,0.8957093789066448,0.740488384854582,0.6685747326529555,0.6953752623057206,0.40269226554778653,2361.9
bank,nonstrat,102,CBM_KE,4,OK,0.899,0.9020463113874924,0.7539351385571638,0.6958297066518065,0.7194444444444444,0.44599571160375623,1888.8
bank,nonstrat,102,CatBoost,0,OK,0.9115,0.9314952873153539,0.8000941980451219,0.7073828759257059,0.7420500029511228,0.49893646024004196,0.6
bank,nonstrat,102,CatBoost,1,OK,0.906,0.9238817274563383,0.7761624469524773,0.7081006692804246,0.7353536547941812,0.4794563172633364,0.6
bank,nonstrat,102,CatBoost,2,OK,0.9065,0.9219817585110921,0.7896522342842717,0.6810538047485076,0.7181134706336794,0.45800715745967774,0.6
bank,nonstrat,102,CatBoost,3,OK,0.9015,0.9153563353297547,0.7617742099638696,0.7029445777309836,0.7269953762440245,0.4609800711613436,0.6
bank,nonstrat,102,CatBoost,4,OK,0.911,0.9293444357047927,0.7981117230527144,0.7102098584916128,0.7436163348082596,0.5006636520363824,0.6
bank,nonstrat,102,TabPFN,0,OK,0.9105,0.9436507465050887,0.7933666758905298,0.71255098807968,0.7439621922271785,0.4994211722792031,7.7
bank,nonstrat,102,TabPFN,1,OK,0.9195,0.9426161340144945,0.811015282854046,0.7634895647697121,0.7844872301990949,0.572535698506011,8.2
bank,nonstrat,102,TabPFN,2,OK,0.9085,0.9392147628335211,0.7890107903665388,0.7049960671566899,0.7370264590181602,0.4868103342822007,8.3
bank,nonstrat,102,TabPFN,3,OK,0.9005,0.9242009177456301,0.7562677672363598,0.7213907224349602,0.7369588076170913,0.47638348470639463,9.8
bank,nonstrat,102,TabPFN,4,OK,0.9165,0.9363175271662075,0.8050541084083509,0.7513370434388091,0.7745423175294699,0.5537920104018001,9.0
bank,nonstrat,103,CBM_KE,0,OK,0.903,0.9217991396331519,0.7953392094017093,0.6687539942197083,0.7082803275681105,0.44649600775921516,2457.4
bank,nonstrat,103,CBM_KE,1,OK,0.883,0.8914120699358064,0.7195543758043759,0.7082812693749464,0.7136837159448804,0.42768710099491847,1954.8
bank,nonstrat,103,CBM_KE,2,OK,0.904,0.9295324259102051,0.7746100810685024,0.7420044067570275,0.7567871583619614,0.5155845217167875,2258.6
bank,nonstrat,103,CBM_KE,3,OK,0.8935,0.9209559041909907,0.7471428571428571,0.7569028152984587,0.7518753505634351,0.5039511713684364,2430.4
bank,nonstrat,103,CBM_KE,4,OK,0.8885,0.8818330208919904,0.7393689467312349,0.6202625932869067,0.6517798655370592,0.3393354109800728,2336.4
bank,nonstrat,103,CatBoost,0,OK,0.908,0.9343564894743368,0.7987771739130435,0.7097501883840938,0.7433028551976987,0.5006738200190939,0.6
bank,nonstrat,103,CatBoost,1,OK,0.8985,0.9164313852669331,0.7676982253693505,0.6825537252358378,0.7135905515921472,0.44212807321045694,0.6
bank,nonstrat,103,CatBoost,2,OK,0.908,0.9351362565457512,0.7987771739130435,0.7097501883840938,0.7433028551976987,0.5006738200190939,0.6
bank,nonstrat,103,CatBoost,3,OK,0.91,0.9270241565865724,0.8047890347617868,0.7192613554014337,0.7521999140959703,0.5170240105579781,0.6
bank,nonstrat,103,CatBoost,4,OK,0.8995,0.9204949641108251,0.767793062200957,0.7042582309880037,0.7297978524978576,0.4677560781263153,0.6
bank,nonstrat,103,TabPFN,0,OK,0.9085,0.940370472820229,0.798455949137148,0.7154851725025992,0.7475149887106087,0.507199494022797,9.5
bank,nonstrat,103,TabPFN,1,OK,0.905,0.9313757284979827,0.7836423444976077,0.7171329371703279,0.7440394879712031,0.49633897838732566,6.5
bank,nonstrat,103,TabPFN,2,OK,0.9125,0.9428862350842722,0.8098801379270227,0.7286577514093038,0.7606593765792207,0.5323776687457803,7.1
bank,nonstrat,103,TabPFN,3,OK,0.912,0.9375046034608521,0.8048560468231285,0.738478279980707,0.7658951848895983,0.5392644831178762,7.9
bank,nonstrat,103,TabPFN,4,OK,0.901,0.9310609462577131,0.7706946616037524,0.7159587434868454,0.7388248702038749,0.4835654205525586,7.5
bank,strat,101,CBM_KE,0,OK,0.907,0.917432558004472,0.7769681116093672,0.7582687225948834,0.7671361502347418,0.5349100873412965,2194.6
bank,strat,101,CBM_KE,1,OK,0.911,0.9269438878725402,0.7952949141067953,0.7364365846812053,0.761225103021978,0.5284638907821065,2119.9
bank,strat,101,CBM_KE,2,OK,0.888,0.9062176341338288,0.7288188484943049,0.7271200549796246,0.7279645188008093,0.4559357386755328,2192.8
bank,strat,101,CBM_KE,3,OK,0.9045,0.9232535741595764,0.7791830414457501,0.7068051804744897,0.7353102378812624,0.480568410412525,2300.9
bank,strat,101,CBM_KE,4,OK,0.911,0.906636273000939,0.8059686792081158,0.7104858146760752,0.7459784681074539,0.5075512455249537,2061.9
bank,strat,101,CatBoost,0,OK,0.9025,0.9234132860973178,0.7769816510804122,0.6871364133538539,0.7197822923964002,0.455338787049893,0.7
bank,strat,101,CatBoost,1,OK,0.9145,0.9413518405590886,0.8188318099302525,0.7180285739175887,0.7554052227421649,0.5273118426079832,0.7
bank,strat,101,CatBoost,2,OK,0.898,0.9072170436836349,0.7606516290726817,0.677173776267774,0.7075277203506227,0.429793594243349,0.7
bank,strat,101,CatBoost,3,OK,0.907,0.9300340718800515,0.7842104614018426,0.7230498204450639,0.7483521122187227,0.5035596980866907,0.7
bank,strat,101,CatBoost,4,OK,0.9085,0.9199117228562301,0.7922501968240279,0.7164846918527552,0.7463967200642462,0.5030614030249458,0.7
bank,strat,101,TabPFN,0,OK,0.904,0.9357716022495186,0.7763090936847998,0.710229307624551,0.7368356127207085,0.48203016277292304,13.9
bank,strat,101,TabPFN,1,OK,0.9115,0.9439822477761324,0.7947507734918006,0.744134216104771,0.7660387384332923,0.5365025592956502,13.7
bank,strat,101,TabPFN,2,OK,0.899,0.9221501098624542,0.7575569030272863,0.7203734355489735,0.7368249625431568,0.47648168724297013,14.0
bank,strat,101,TabPFN,3,OK,0.9155,0.9406161976943404,0.8064371463046228,0.7538137274830367,0.7766132587300927,0.5577739841292025,14.0
bank,strat,101,TabPFN,4,OK,0.9145,0.9339857324002284,0.8000091261314328,0.7625156082120974,0.7794651061565991,0.561273830551801,12.2
bank,strat,102,CBM_KE,0,OK,0.898,0.902829805151436,0.7671941773504274,0.6549302591205196,0.690194661021325,0.40692241586030026,2222.7
bank,strat,102,CBM_KE,1,OK,0.902,0.9238561237428734,0.7774485153256705,0.6794387819302882,0.7136838660858539,0.44625115636110213,2007.6
bank,strat,102,CBM_KE,2,OK,0.8705,0.9021425598435793,0.7013823656967937,0.7505759309270068,0.7214501156412213,0.4492730740062528,1855.9
bank,strat,102,CBM_KE,3,OK,0.8985,0.8987281122048959,0.7704,0.653359758399396,0.6893932381060943,0.4072762142389201,2187.3
bank,strat,102,CBM_KE,4,OK,0.907,0.9250394440088666,0.7809734513274336,0.7360252054476291,0.7556688761556468,0.5150410336075637,2518.3
bank,strat,102,CatBoost,0,OK,0.9025,0.9328604892025051,0.7717523716343895,0.7056726776432326,0.7321382578684387,0.47282993953405156,0.7
bank,strat,102,CatBoost,1,OK,0.9015,0.929450881319511,0.7667454341678841,0.7125209319433555,0.7351750096620793,0.47618898878908866,0.7
bank,strat,102,CatBoost,2,OK,0.893,0.9205505706071958,0.7437739463601533,0.6576598813291905,0.6873895272570038,0.3920886198516362,0.7
bank,strat,102,CatBoost,3,OK,0.906,0.9238537038650291,0.7843807071251199,0.7095081840268703,0.7388888888888889,0.48818064493407004,0.7
bank,strat,102,CatBoost,4,OK,0.9015,0.9312101325125107,0.7739930166534323,0.6828629090803496,0.7155873302096063,0.44767470374345397,0.7
bank,strat,102,TabPFN,0,OK,0.9055,0.9419906883100541,0.7764694581520912,0.7333222018952483,0.752240161869761,0.5079624503162893,12.4
bank,strat,102,TabPFN,1,OK,0.9055,0.938072906079701,0.7754388265592259,0.7388830811820619,0.755262345169442,0.5130211518666241,12.8
bank,strat,102,TabPFN,2,OK,0.9005,0.9331944323450552,0.7653576715618096,0.7008329219540997,0.7266436580298425,0.4617036129063516,12.8
bank,strat,102,TabPFN,3,OK,0.908,0.9368460280125058,0.7822222222222222,0.7458595890079469,0.7622192183732176,0.5268283954551615,11.3
bank,strat,102,TabPFN,4,OK,0.914,0.9454438539942503,0.8036774564259721,0.7455498446438424,0.7702494396490693,0.546142663586117,10.2
bank,strat,103,CBM_KE,0,OK,0.9105,0.9262784214652845,0.7889471486370261,0.7528360968338319,0.769147684222405,0.540578465174671,2318.4
bank,strat,103,CBM_KE,1,OK,0.905,0.9092642603401381,0.775574294853155,0.7293318233295583,0.749377400700688,0.502784070954645,2178.1
bank,strat,103,CBM_KE,2,OK,0.8925,0.9031685880496751,0.739169911399782,0.7055710427737608,0.7204595644760015,0.4434699903558805,2246.2
bank,strat,103,CBM_KE,3,OK,0.9025,0.9174628064775291,0.7673237779110393,0.7297698212194248,0.7464633259200943,0.49567302391121004,1997.9
bank,strat,103,CBM_KE,4,OK,0.91,0.9156817763839281,0.808471929531982,0.6969441782578816,0.7358038607862477,0.4929574045586468,1899.7
bank,strat,103,CatBoost,0,OK,0.9105,0.929864680430932,0.8011459779315656,0.7157635682550745,0.7485910918379888,0.5098091045251292,0.6
bank,strat,103,CatBoost,1,OK,0.9165,0.932526546059955,0.820370970273619,0.7321364617514108,0.7664974122460222,0.5454164775185447,0.7
bank,strat,103,CatBoost,2,OK,0.8945,0.9157229143072858,0.7489105734036734,0.6640701377394469,0.6939454134964271,0.4041722012367768,0.7
bank,strat,103,CatBoost,3,OK,0.905,0.9286499017529595,0.7763393439319035,0.7256245704716826,0.7472732109603618,0.4993954175963665,0.7
bank,strat,103,CatBoost,4,OK,0.9065,0.9345761825943026,0.7890295869031039,0.7023768040189331,0.7349621116291397,0.4837060432302357,0.7
bank,strat,103,TabPFN,0,OK,0.913,0.9393723804822331,0.7988368711834837,0.7486908460860895,0.7704824616943143,0.5452265376385866,11.6
bank,strat,103,TabPFN,1,OK,0.918,0.9411243720416995,0.8141115964492038,0.7589366088799838,0.7827693726008599,0.5703858048529427,11.7
bank,strat,103,TabPFN,2,OK,0.905,0.930779394256178,0.7810960307971253,0.7070883061823039,0.7361111111111112,0.48254202259428314,9.7
bank,strat,103,TabPFN,3,OK,0.913,0.94036695027635,0.7929378028487405,0.7709343632333441,0.7813103281853282,0.5634426930284867,7.3
bank,strat,103,TabPFN,4,OK,0.9095,0.944313771040838,0.7904836230981833,0.7337335811288246,0.7577154575530198,0.5211363640584453,10.5
magic,nonstrat,101,CBM_KE,0,OK,0.88,0.9358145892193328,0.870547148898573,0.8620901329394062,0.8660222336103324,0.7325884694833851,2248.6
magic,nonstrat,101,CBM_KE,1,OK,0.8865,0.9138681921832741,0.8913888080324357,0.8550383588764561,0.8689996274857248,0.7455415215437656,1985.5
magic,nonstrat,101,CBM_KE,2,OK,0.886,0.9397416520832229,0.8936960429878109,0.8522741333898994,0.8676904792854357,0.7448192595860117,2301.6
magic,nonstrat,101,CBM_KE,3,OK,0.88,0.9359831008820774,0.8748343262134297,0.8561939863180782,0.8642102297223438,0.7307906208013686,2133.7
magic,nonstrat,101,CBM_KE,4,OK,0.875,0.9298127574198795,0.874149268886111,0.8452254688798148,0.8567418981813097,0.7187930349752911,2575.2
magic,nonstrat,101,CatBoost,0,OK,0.89,0.9409705316361783,0.8898930992926506,0.8639791730839933,0.8746438746438747,0.7534267525690717,0.8
magic,nonstrat,101,CatBoost,1,OK,0.8875,0.93902352795602,0.8905062627270985,0.8578445670042956,0.8706955630475504,0.7476377317873789,0.8
magic,nonstrat,101,CatBoost,2,OK,0.891,0.9372215887999151,0.8929138224440238,0.8632426508281628,0.8751809303944741,0.7555741086394989,0.8
magic,nonstrat,101,CatBoost,3,OK,0.8795,0.9353345795548957,0.8775822743564679,0.8520686394088843,0.8625131960233796,0.7292047108942558,0.8
magic,nonstrat,101,CatBoost,4,OK,0.8725,0.9293133849498859,0.8683300753288345,0.8453558360290608,0.8548741374615096,0.7133160340265361,0.8
magic,nonstrat,101,TabPFN,0,OK,0.912,0.9535048815844531,0.9113712161641232,0.89233575232045,0.9006498403623571,0.8034815133572888,6.7
magic,nonstrat,101,TabPFN,1,OK,0.899,0.9508725760548691,0.9004952862574636,0.8737825034028035,0.8848082627831464,0.7738168535211344,8.0
magic,nonstrat,101,TabPFN,2,OK,0.9095,0.9536721553446114,0.9115375703779326,0.886573951317813,0.8970706359868921,0.797721015635742,7.5
magic,nonstrat,101,TabPFN,3,OK,0.906,0.9552697053260505,0.9091823374257576,0.8811758674939456,0.8927058221930018,0.7898618421761201,7.7
magic,nonstrat,101,TabPFN,4,OK,0.8895,0.9465737745487972,0.8873359185572435,0.8651583850382705,0.8745216136520484,0.7521674241488476,7.1
magic,nonstrat,102,CBM_KE,0,OK,0.8875,0.9340978021978023,0.8904650360378752,0.8593956043956044,0.8716409506442341,0.7492167046247264,2170.7
magic,nonstrat,102,CBM_KE,1,OK,0.88,0.9277076923076922,0.8805864096312245,0.851978021978022,0.8633567107227405,0.7320056055897812,2164.5
magic,nonstrat,102,CBM_KE,2,OK,0.8855,0.9289725274725276,0.8841074167182359,0.8608241758241758,0.8704838671820542,0.7445676384729885,2726.5
magic,nonstrat,102,CBM_KE,3,OK,0.8895,0.9407725274725275,0.8932533867639583,0.8612637362637363,0.8738215374074894,0.7538386771736131,2209.1
magic,nonstrat,102,CBM_KE,4,OK,0.8935,0.9434515082928929,0.8949515925486429,0.8684322078104632,0.8792527616679106,0.7629230294622257,2193.3
magic,nonstrat,102,CatBoost,0,OK,0.886,0.9332054945054946,0.8888697680643989,0.8575824175824176,0.8698772737234275,0.7457961967969046,0.8
magic,nonstrat,102,CatBoost,1,OK,0.889,0.9417648351648352,0.8897865314305933,0.8631868131868132,0.874003235052073,0.7525033639085443,0.8
magic,nonstrat,102,CatBoost,2,OK,0.884,0.9273450549450549,0.8860943993053402,0.8557142857142856,0.8677005790380692,0.741186328711439,0.8
magic,nonstrat,102,CatBoost,3,OK,0.8795,0.9351582417582418,0.8798117501255356,0.8515934065934065,0.8628418318753875,0.7308606080254723,0.8
magic,nonstrat,102,CatBoost,4,OK,0.8835,0.9413111589184702,0.8865145049355576,0.8544952278664923,0.866970218171697,0.7403176277810354,0.8
magic,nonstrat,102,TabPFN,0,OK,0.902,0.9499351648351647,0.9035940595450522,0.8787912087912088,0.8891050209399142,0.7819920247061894,5.8
magic,nonstrat,102,TabPFN,1,OK,0.8965,0.9522296703296702,0.8969753368763007,0.872912087912088,0.8829264650946952,0.7695112779528205,8.0
magic,nonstrat,102,TabPFN,2,OK,0.901,0.9435857142857144,0.9047284211921909,0.8757142857142857,0.887447688755342,0.779903198291928,6.6
magic,nonstrat,102,TabPFN,3,OK,0.9015,0.9549549450549452,0.9024597160770191,0.8787362637362637,0.8886678257645821,0.7808356784147807,7.4
magic,nonstrat,102,TabPFN,4,OK,0.9025,0.9535734170584417,0.9051602577661209,0.8786441671910468,0.8895426641459736,0.7833557771045356,7.0
magic,nonstrat,103,CBM_KE,0,OK,0.875,0.9230355636581317,0.8735480235029727,0.8506108677314903,0.8599307946069994,0.7237955420137938,2262.4
magic,nonstrat,103,CBM_KE,1,OK,0.8805,0.9437174498653098,0.8839593069780436,0.8530298495279041,0.8649320322727672,0.7363398573139907,2401.3
magic,nonstrat,103,CBM_KE,2,OK,0.876,0.9352017632173275,0.87408804464522,0.8523196647710267,0.8612547050319785,0.7260814678374674,2361.7
magic,nonstrat,103,CBM_KE,3,OK,0.8845,0.9393751279672055,0.8860574915276445,0.8594157725298518,0.8700462517204104,0.7449970511575063,2310.4
magic,nonstrat,103,CBM_KE,4,OK,0.8715,0.9003413184869594,0.868675539777028,0.8474380420908643,0.856167087951587,0.7157985965533132,2158.8
magic,nonstrat,103,CatBoost,0,OK,0.8745,0.9314424097303474,0.8740858880244915,0.8489809801093848,0.8590058338442734,0.7226309150538097,0.8
magic,nonstrat,103,CatBoost,1,OK,0.889,0.947665097548366,0.8934305569819588,0.8627465919294713,0.874683321366155,0.7555543493518364,0.7
magic,nonstrat,103,CatBoost,2,OK,0.8675,0.9320823923158553,0.8665540303204866,0.8407417485238498,0.8509188601987392,0.7068246210195761,0.7
magic,nonstrat,103,CatBoost,3,OK,0.8905,0.9396561112781038,0.8934450628200035,0.8656387905084273,0.8767044275777853,0.7585743916084124,0.8
magic,nonstrat,103,CatBoost,4,OK,0.8645,0.9224442498616865,0.8653042352066915,0.8351422995325657,0.8466114864224279,0.6997968317051909,0.8
magic,nonstrat,103,TabPFN,0,OK,0.8995,0.9505744061386084,0.8990641191561752,0.8799134717422654,0.8880746302773717,0.7787421523364243,7.3
magic,nonstrat,103,TabPFN,1,OK,0.9045,0.9602133275285025,0.9079427494382648,0.8825637397621834,0.8929477509359365,0.7900989908460077,6.8
magic,nonstrat,103,TabPFN,2,OK,0.8885,0.9472580337949987,0.8900659660107335,0.8645288563576501,0.8748273613916504,0.7541625832509451,7.7
magic,nonstrat,103,TabPFN,3,OK,0.9055,0.9545155542776986,0.9083318766575716,0.8841553728801007,0.8941465566126898,0.7921183859404369,7.6
magic,nonstrat,103,TabPFN,4,OK,0.892,0.9400993678964586,0.891543415316771,0.8705429294579418,0.8793328447058403,0.7617969391417738,6.6
magic,strat,101,CBM_KE,0,OK,0.8875,0.9349587789306979,0.8849887112295507,0.8650529562147466,0.8735164534013533,0.7497766791349352,1846.7
magic,strat,101,CBM_KE,1,OK,0.885,0.9356694681127584,0.8819441796071008,0.8624739660733656,0.8707539875204546,0.7441634809659062,2327.0
magic,strat,101,CBM_KE,2,OK,0.885,0.9343204747579215,0.8870477011269113,0.8575879779467005,0.8692574162309528,0.7440526992488935,2323.6
magic,strat,101,CBM_KE,3,OK,0.8855,0.9336032051204717,0.8823697179358092,0.8631852036267083,0.871363888248361,0.7453080540802008,2642.8
magic,strat,101,CBM_KE,4,OK,0.854,0.9245997299382716,0.8411655595049501,0.8370598344556678,0.8390253314589707,0.6782129665782386,2146.3
magic,strat,101,CatBoost,0,OK,0.882,0.9359666853478484,0.880681625428882,0.856903610586198,0.8666785676758798,0.737201862719813,0.8
magic,strat,101,CatBoost,1,OK,0.886,0.9296308035503751,0.8901960925318002,0.8570560578027202,0.8698772737234275,0.7465169216285187,0.8
magic,strat,101,CatBoost,2,OK,0.884,0.9298007986479357,0.8866204559347663,0.8558397702982372,0.8679114870319825,0.7418219037812971,0.8
magic,strat,101,CatBoost,3,OK,0.8825,0.9369833657055181,0.882810472933129,0.8559861854306524,0.8667812159246899,0.7383095285918192,0.8
magic,strat,101,CatBoost,4,OK,0.8685,0.9388415404040403,0.8680403996674592,0.8391642115600448,0.8504396533953185,0.7066148370235587,0.8
magic,strat,101,TabPFN,0,OK,0.9015,0.9509756073486139,0.8983190883190884,0.8833389449994571,0.8899868793996523,0.7815144761023557,7.1
magic,strat,101,TabPFN,1,OK,0.896,0.9482359444214737,0.898541144531678,0.8709550763277988,0.8821330740260962,0.7690015882675846,7.5
magic,strat,101,TabPFN,2,OK,0.9015,0.9487250916054226,0.90152357780095,0.8800816195816805,0.8891736432420816,0.7813110308982357,7.2
magic,strat,101,TabPFN,3,OK,0.8995,0.9534816641094286,0.8995492191417058,0.8775624019100868,0.8868383102426249,0.7768005222975641,6.7
magic,strat,101,TabPFN,4,OK,0.8915,0.9515379489337822,0.8903154022860549,0.8689148428731762,0.877922236464628,0.7589285745189478,6.4
magic,strat,102,CBM_KE,0,OK,0.888,0.9344049239354194,0.8921857711055953,0.8595752754743138,0.8722626280367565,0.7510534113693927,2302.0
magic,strat,102,CBM_KE,1,OK,0.8795,0.9242819900613187,0.8807016668330172,0.8513930275688179,0.862950404822326,0.7315077889098635,2251.8
magic,strat,102,CBM_KE,2,OK,0.8895,0.9424330795105458,0.8892823749415615,0.8652920460938965,0.8752001526962838,0.7541929600591466,2225.7
magic,strat,102,CBM_KE,3,OK,0.8895,0.9402834640833261,0.8892823749415615,0.8652920460938965,0.8752001526962838,0.7541929600591466,2178.1
magic,strat,102,CBM_KE,4,OK,0.876,0.940342005120651,0.8764208049488605,0.8478710718294051,0.859136369626166,0.7237289793187711,2329.4
magic,strat,102,CatBoost,0,OK,0.8785,0.924660366246212,0.8802534840337979,0.8496448199203546,0.8615936269276149,0.7292562264364554,0.8
magic,strat,102,CatBoost,1,OK,0.8865,0.9345310493303838,0.8926795526662024,0.8561386326471747,0.8699748054705667,0.7479260898111404,0.8
magic,strat,102,CatBoost,2,OK,0.8805,0.9326983925044225,0.8815228941725649,0.8528155026755035,0.8641949387897041,0.7337770552142018,0.8
magic,strat,102,CatBoost,3,OK,0.8865,0.9373090982472958,0.8844612913409222,0.8633047485662833,0.8722004797267455,0.7474666889810737,0.8
magic,strat,102,CatBoost,4,OK,0.873,0.9355961963383838,0.8721736993345433,0.8452318322109988,0.8559541957026713,0.7168994577261438,0.8
magic,strat,102,TabPFN,0,OK,0.899,0.9479617587802469,0.9040781447171083,0.8726166413136344,0.8850831042580692,0.776057320338475,6.9
magic,strat,102,TabPFN,1,OK,0.8985,0.9478937607412224,0.9024686184543849,0.8728826013856246,0.8847415727211123,0.774786539442573,7.6
magic,strat,102,TabPFN,2,OK,0.904,0.9532535416559277,0.9075721774435418,0.8800547493888402,0.8912841605551756,0.7871460900142214,8.0
magic,strat,102,TabPFN,3,OK,0.9005,0.9475033203881154,0.899689854095173,0.8796363421003278,0.8882157806175713,0.7790681463987735,7.3
magic,strat,102,TabPFN,4,OK,0.8975,0.9501668157267116,0.895949925768603,0.8767887205387206,0.8850161776629062,0.7725010444724416,6.9
magic,strat,103,CBM_KE,0,OK,0.884,0.9254193121011284,0.8847588119260694,0.8574684330071256,0.8684306039488966,0.7417253658461341,2355.3
magic,strat,103,CBM_KE,1,OK,0.8845,0.938070237587342,0.8881980066190592,0.855573810226247,0.8682180426614137,0.743055971877685,2153.1
magic,strat,103,CBM_KE,2,OK,0.886,0.9310576656273203,0.8878580526674369,0.8590104530533862,0.8704963398176043,0.7463111823054525,2470.8
magic,strat,103,CBM_KE,3,OK,0.883,0.9359699755755431,0.8839384022962542,0.8560459579004399,0.8671925991089418,0.739458494360121,2236.8
magic,strat,103,CBM_KE,4,OK,0.88,0.9354043911335579,0.8822823582173579,0.8512819163860831,0.8633567107227405,0.7329089422163836,2535.5
magic,strat,103,CatBoost,0,OK,0.8825,0.9388522150361213,0.8817703250506719,0.8569633830559854,0.8670904313876975,0.7383170776312059,0.8
magic,strat,103,CatBoost,1,OK,0.8835,0.9354786349064643,0.8850808364485094,0.8561057303702274,0.8676042708702973,0.7406199903191232,0.8
magic,strat,103,CatBoost,2,OK,0.892,0.9348337502782984,0.8927343020305609,0.8675453036934999,0.8778833107191315,0.7598622199074705,0.8
magic,strat,103,CatBoost,3,OK,0.8875,0.9366653103616946,0.8879876005283172,0.8621213633387477,0.8726479130813516,0.7496628545201999,0.8
magic,strat,103,CatBoost,4,OK,0.8795,0.9344749579124579,0.8803904144080097,0.8518693883277217,0.8631661035753107,0.7317041545419157,0.8
magic,strat,103,TabPFN,0,OK,0.904,0.954632147060017,0.9042460458488214,0.8829863422648392,0.8920269797584328,0.786945269951258,7.5
magic,strat,103,TabPFN,1,OK,0.8985,0.9485167105180902,0.9020719903206291,0.8732083339274022,0.8848318104751426,0.7747428415324316,6.8
magic,strat,103,TabPFN,2,OK,0.9085,0.9512333418513672,0.908581401353769,0.8887360151613692,0.8972798526218475,0.7970704004824473,7.1
magic,strat,103,TabPFN,3,OK,0.9015,0.9503888500763881,0.9036795320322781,0.8781272243310145,0.8886678257645821,0.7813890732960327,7.4
magic,strat,103,TabPFN,4,OK,0.8965,0.9547931572671156,0.8975061860738311,0.8730972923681257,0.8831952036677835,0.7702168051236659,8.1
pendigits,nonstrat,101,CBM_KE,0,OK,0.993,0.9997028437415649,0.9930676129003027,0.9929094494851792,0.9929693855674735,0.9922248080900284,2018.0
pendigits,nonstrat,101,CBM_KE,1,OK,0.9955,0.9994488401857179,0.9955955066185374,0.9954594241667888,0.9955037904175166,0.9950042884572047,2014.2
pendigits,nonstrat,101,CBM_KE,2,OK,0.9935,0.9992631167453947,0.9935563188285915,0.9935159615366802,0.9935079587760235,0.9927831333927561,2119.1
pendigits,nonstrat,101,CBM_KE,3,OK,0.992,0.9994291542529317,0.9919925548403972,0.9919984887964504,0.9919834238212241,0.9911122545314028,2238.1
pendigits,nonstrat,101,CBM_KE,4,OK,0.993,0.999539266374371,0.9931386636591153,0.9930343998965421,0.9930673674897939,0.992224935448127,2070.6
pendigits,nonstrat,101,CatBoost,0,OK,0.9935,0.9998542110836575,0.9936296215874716,0.9935108356623598,0.993548258338772,0.9927813381515492,4.5
pendigits,nonstrat,101,CatBoost,1,OK,0.997,0.9999733104591074,0.9970073750795573,0.9970246797468384,0.9970122608477758,0.996666895413747,4.4
pendigits,nonstrat,101,CatBoost,2,OK,0.992,0.9992798905601044,0.9922306676915319,0.9920128905639407,0.9920864270643379,0.9911176731708653,4.5
pendigits,nonstrat,101,CatBoost,3,OK,0.9915,0.9997958066586528,0.9915180204453214,0.9914216211488505,0.9914436403353253,0.9905597970738065,4.5
pendigits,nonstrat,101,CatBoost,4,OK,0.991,0.9995874431361242,0.9911394125033259,0.9910614963475307,0.9910714307282417,0.9900050787869409,4.4
pendigits,nonstrat,101,TabPFN,0,OK,0.999,0.9999966329541632,0.999043062200957,0.9989637305699481,0.9990009031735652,0.9988892285005673,8.1
pendigits,nonstrat,101,TabPFN,1,OK,0.9985,0.999998637434711,0.9984455958549223,0.9984665991902834,0.9984493620224042,0.9983344210331462,5.6
pendigits,nonstrat,101,TabPFN,2,OK,0.9985,0.9995667078468695,0.998478265855937,0.9984855769230769,0.9984780665891002,0.9983338737064734,8.6
pendigits,nonstrat,101,TabPFN,3,OK,0.9965,0.999988345222623,0.9964043999729413,0.9964636357876848,0.9964276485357597,0.9961118098702751,7.7
pendigits,nonstrat,101,TabPFN,4,OK,0.9955,0.9999778339639492,0.9955866359779423,0.9954418483702572,0.9954939771045351,0.9950034827577426,7.1
pendigits,nonstrat,102,CBM_KE,0,OK,0.993,0.9997028437415649,0.9930676129003027,0.9929094494851792,0.9929693855674735,0.9922248080900284,1916.3
pendigits,nonstrat,102,CBM_KE,1,OK,0.9955,0.9994488401857179,0.9955955066185374,0.9954594241667888,0.9955037904175166,0.9950042884572047,1923.2
pendigits,nonstrat,102,CBM_KE,2,OK,0.9935,0.9992631167453947,0.9935563188285915,0.9935159615366802,0.9935079587760235,0.9927831333927561,2114.0
pendigits,nonstrat,102,CBM_KE,3,OK,0.992,0.9994291542529317,0.9919925548403972,0.9919984887964504,0.9919834238212241,0.9911122545314028,2178.8
pendigits,nonstrat,102,CBM_KE,4,OK,0.993,0.999539266374371,0.9931386636591153,0.9930343998965421,0.9930673674897939,0.992224935448127,1933.4
pendigits,nonstrat,102,CatBoost,0,OK,0.9935,0.9998542110836575,0.9936296215874716,0.9935108356623598,0.993548258338772,0.9927813381515492,4.4
pendigits,nonstrat,102,CatBoost,1,OK,0.997,0.9999733104591074,0.9970073750795573,0.9970246797468384,0.9970122608477758,0.996666895413747,4.5
pendigits,nonstrat,102,CatBoost,2,OK,0.992,0.9992798905601044,0.9922306676915319,0.9920128905639407,0.9920864270643379,0.9911176731708653,4.5
pendigits,nonstrat,102,CatBoost,3,OK,0.9915,0.9997958066586528,0.9915180204453214,0.9914216211488505,0.9914436403353253,0.9905597970738065,4.5
pendigits,nonstrat,102,CatBoost,4,OK,0.991,0.9995874431361242,0.9911394125033259,0.9910614963475307,0.9910714307282417,0.9900050787869409,4.4
pendigits,nonstrat,102,TabPFN,0,OK,0.999,0.9999966329541632,0.999043062200957,0.9989637305699481,0.9990009031735652,0.9988892285005673,6.8
pendigits,nonstrat,102,TabPFN,1,OK,0.9985,0.999998637434711,0.9984455958549223,0.9984665991902834,0.9984493620224042,0.9983344210331462,7.1
pendigits,nonstrat,102,TabPFN,2,OK,0.9985,0.9995667078468695,0.998478265855937,0.9984855769230769,0.9984780665891002,0.9983338737064734,7.6
pendigits,nonstrat,102,TabPFN,3,OK,0.9965,0.999988345222623,0.9964043999729413,0.9964636357876848,0.9964276485357597,0.9961118098702751,6.9
pendigits,nonstrat,102,TabPFN,4,OK,0.9955,0.9999778339639492,0.9955866359779423,0.9954418483702572,0.9954939771045351,0.9950034827577426,7.5
pendigits,nonstrat,103,CBM_KE,0,OK,0.993,0.9997028437415649,0.9930676129003027,0.9929094494851792,0.9929693855674735,0.9922248080900284,1834.0
pendigits,nonstrat,103,CBM_KE,1,OK,0.9955,0.9994488401857179,0.9955955066185374,0.9954594241667888,0.9955037904175166,0.9950042884572047,2042.5
pendigits,nonstrat,103,CBM_KE,2,OK,0.9935,0.9992631167453947,0.9935563188285915,0.9935159615366802,0.9935079587760235,0.9927831333927561,1985.1
pendigits,nonstrat,103,CBM_KE,3,OK,0.992,0.9994291542529317,0.9919925548403972,0.9919984887964504,0.9919834238212241,0.9911122545314028,1846.3
pendigits,nonstrat,103,CBM_KE,4,OK,0.993,0.999539266374371,0.9931386636591153,0.9930343998965421,0.9930673674897939,0.992224935448127,1712.2
pendigits,nonstrat,103,CatBoost,0,OK,0.9935,0.9998542110836575,0.9936296215874716,0.9935108356623598,0.993548258338772,0.9927813381515492,4.5
pendigits,nonstrat,103,CatBoost,1,OK,0.997,0.9999733104591074,0.9970073750795573,0.9970246797468384,0.9970122608477758,0.996666895413747,4.5
pendigits,nonstrat,103,CatBoost,2,OK,0.992,0.9992798905601044,0.9922306676915319,0.9920128905639407,0.9920864270643379,0.9911176731708653,4.4
pendigits,nonstrat,103,CatBoost,3,OK,0.9915,0.9997958066586528,0.9915180204453214,0.9914216211488505,0.9914436403353253,0.9905597970738065,4.4
pendigits,nonstrat,103,CatBoost,4,OK,0.991,0.9995874431361242,0.9911394125033259,0.9910614963475307,0.9910714307282417,0.9900050787869409,4.5
pendigits,nonstrat,103,TabPFN,0,OK,0.999,0.9999966329541632,0.999043062200957,0.9989637305699481,0.9990009031735652,0.9988892285005673,7.1
pendigits,nonstrat,103,TabPFN,1,OK,0.9985,0.999998637434711,0.9984455958549223,0.9984665991902834,0.9984493620224042,0.9983344210331462,7.1
pendigits,nonstrat,103,TabPFN,2,OK,0.9985,0.9995667078468695,0.998478265855937,0.9984855769230769,0.9984780665891002,0.9983338737064734,5.2
pendigits,nonstrat,103,TabPFN,3,OK,0.9965,0.999988345222623,0.9964043999729413,0.9964636357876848,0.9964276485357597,0.9961118098702751,3.7
pendigits,nonstrat,103,TabPFN,4,OK,0.9955,0.9999778339639492,0.9955866359779423,0.9954418483702572,0.9954939771045351,0.9950034827577426,5.5
pendigits,strat,101,CBM_KE,0,OK,0.993,0.9997028437415649,0.9930676129003027,0.9929094494851792,0.9929693855674735,0.9922248080900284,2022.3
pendigits,strat,101,CBM_KE,1,OK,0.9955,0.9994488401857179,0.9955955066185374,0.9954594241667888,0.9955037904175166,0.9950042884572047,2048.1
pendigits,strat,101,CBM_KE,2,OK,0.9935,0.9992631167453947,0.9935563188285915,0.9935159615366802,0.9935079587760235,0.9927831333927561,2068.7
pendigits,strat,101,CBM_KE,3,OK,0.992,0.9994291542529317,0.9919925548403972,0.9919984887964504,0.9919834238212241,0.9911122545314028,2245.1
pendigits,strat,101,CBM_KE,4,OK,0.993,0.999539266374371,0.9931386636591153,0.9930343998965421,0.9930673674897939,0.992224935448127,2071.8
pendigits,strat,101,CatBoost,0,OK,0.9935,0.9998542110836575,0.9936296215874716,0.9935108356623598,0.993548258338772,0.9927813381515492,4.4
pendigits,strat,101,CatBoost,1,OK,0.997,0.9999733104591074,0.9970073750795573,0.9970246797468384,0.9970122608477758,0.996666895413747,4.4
pendigits,strat,101,CatBoost,2,OK,0.992,0.9992798905601044,0.9922306676915319,0.9920128905639407,0.9920864270643379,0.9911176731708653,4.4
pendigits,strat,101,CatBoost,3,OK,0.9915,0.9997958066586528,0.9915180204453214,0.9914216211488505,0.9914436403353253,0.9905597970738065,4.5
pendigits,strat,101,CatBoost,4,OK,0.991,0.9995874431361242,0.9911394125033259,0.9910614963475307,0.9910714307282417,0.9900050787869409,4.4
pendigits,strat,101,TabPFN,0,OK,0.999,0.9999966329541632,0.999043062200957,0.9989637305699481,0.9990009031735652,0.9988892285005673,7.2
pendigits,strat,101,TabPFN,1,OK,0.9985,0.999998637434711,0.9984455958549223,0.9984665991902834,0.9984493620224042,0.9983344210331462,6.8
pendigits,strat,101,TabPFN,2,OK,0.9985,0.9995667078468695,0.998478265855937,0.9984855769230769,0.9984780665891002,0.9983338737064734,7.7
pendigits,strat,101,TabPFN,3,OK,0.9965,0.999988345222623,0.9964043999729413,0.9964636357876848,0.9964276485357597,0.9961118098702751,6.9
pendigits,strat,101,TabPFN,4,OK,0.9955,0.9999778339639492,0.9955866359779423,0.9954418483702572,0.9954939771045351,0.9950034827577426,6.9
pendigits,strat,102,CBM_KE,0,OK,0.993,0.9997028437415649,0.9930676129003027,0.9929094494851792,0.9929693855674735,0.9922248080900284,2013.9
pendigits,strat,102,CBM_KE,1,OK,0.9955,0.9994488401857179,0.9955955066185374,0.9954594241667888,0.9955037904175166,0.9950042884572047,2007.1
pendigits,strat,102,CBM_KE,2,OK,0.9935,0.9992631167453947,0.9935563188285915,0.9935159615366802,0.9935079587760235,0.9927831333927561,2125.4
pendigits,strat,102,CBM_KE,3,OK,0.992,0.9994291542529317,0.9919925548403972,0.9919984887964504,0.9919834238212241,0.9911122545314028,2228.1
pendigits,strat,102,CBM_KE,4,OK,0.993,0.999539266374371,0.9931386636591153,0.9930343998965421,0.9930673674897939,0.992224935448127,2073.2
pendigits,strat,102,CatBoost,0,OK,0.9935,0.9998542110836575,0.9936296215874716,0.9935108356623598,0.993548258338772,0.9927813381515492,4.5
pendigits,strat,102,CatBoost,1,OK,0.997,0.9999733104591074,0.9970073750795573,0.9970246797468384,0.9970122608477758,0.996666895413747,4.5
pendigits,strat,102,CatBoost,2,OK,0.992,0.9992798905601044,0.9922306676915319,0.9920128905639407,0.9920864270643379,0.9911176731708653,4.4
pendigits,strat,102,CatBoost,3,OK,0.9915,0.9997958066586528,0.9915180204453214,0.9914216211488505,0.9914436403353253,0.9905597970738065,4.4
pendigits,strat,102,CatBoost,4,OK,0.991,0.9995874431361242,0.9911394125033259,0.9910614963475307,0.9910714307282417,0.9900050787869409,4.5
pendigits,strat,102,TabPFN,0,OK,0.999,0.9999966329541632,0.999043062200957,0.9989637305699481,0.9990009031735652,0.9988892285005673,7.4
pendigits,strat,102,TabPFN,1,OK,0.9985,0.999998637434711,0.9984455958549223,0.9984665991902834,0.9984493620224042,0.9983344210331462,7.0
pendigits,strat,102,TabPFN,2,OK,0.9985,0.9995667078468695,0.998478265855937,0.9984855769230769,0.9984780665891002,0.9983338737064734,6.8
pendigits,strat,102,TabPFN,3,OK,0.9965,0.999988345222623,0.9964043999729413,0.9964636357876848,0.9964276485357597,0.9961118098702751,7.9
pendigits,strat,102,TabPFN,4,OK,0.9955,0.9999778339639492,0.9955866359779423,0.9954418483702572,0.9954939771045351,0.9950034827577426,7.0
pendigits,strat,103,CBM_KE,0,OK,0.993,0.9997028437415649,0.9930676129003027,0.9929094494851792,0.9929693855674735,0.9922248080900284,2021.5
pendigits,strat,103,CBM_KE,1,OK,0.9955,0.9994488401857179,0.9955955066185374,0.9954594241667888,0.9955037904175166,0.9950042884572047,2030.7
pendigits,strat,103,CBM_KE,2,OK,0.9935,0.9992631167453947,0.9935563188285915,0.9935159615366802,0.9935079587760235,0.9927831333927561,2105.4
pendigits,strat,103,CBM_KE,3,OK,0.992,0.9994291542529317,0.9919925548403972,0.9919984887964504,0.9919834238212241,0.9911122545314028,2255.3
pendigits,strat,103,CBM_KE,4,OK,0.993,0.999539266374371,0.9931386636591153,0.9930343998965421,0.9930673674897939,0.992224935448127,2089.4
pendigits,strat,103,CatBoost,0,OK,0.9935,0.9998542110836575,0.9936296215874716,0.9935108356623598,0.993548258338772,0.9927813381515492,4.5
pendigits,strat,103,CatBoost,1,OK,0.997,0.9999733104591074,0.9970073750795573,0.9970246797468384,0.9970122608477758,0.996666895413747,4.4
pendigits,strat,103,CatBoost,2,OK,0.992,0.9992798905601044,0.9922306676915319,0.9920128905639407,0.9920864270643379,0.9911176731708653,4.4
pendigits,strat,103,CatBoost,3,OK,0.9915,0.9997958066586528,0.9915180204453214,0.9914216211488505,0.9914436403353253,0.9905597970738065,4.5
pendigits,strat,103,CatBoost,4,OK,0.991,0.9995874431361242,0.9911394125033259,0.9910614963475307,0.9910714307282417,0.9900050787869409,4.5
pendigits,strat,103,TabPFN,0,OK,0.999,0.9999966329541632,0.999043062200957,0.9989637305699481,0.9990009031735652,0.9988892285005673,7.8
pendigits,strat,103,TabPFN,1,OK,0.9985,0.999998637434711,0.9984455958549223,0.9984665991902834,0.9984493620224042,0.9983344210331462,7.3
pendigits,strat,103,TabPFN,2,OK,0.9985,0.9995667078468695,0.998478265855937,0.9984855769230769,0.9984780665891002,0.9983338737064734,7.3
pendigits,strat,103,TabPFN,3,OK,0.9965,0.999988345222623,0.9964043999729413,0.9964636357876848,0.9964276485357597,0.9961118098702751,5.9
pendigits,strat,103,TabPFN,4,OK,0.9955,0.9999778339639492,0.9955866359779423,0.9954418483702572,0.9954939771045351,0.9950034827577426,5.4
