Seed,Dataset,Algorithm,CV index,Status,Accuracy,AUC_ROC,Precision,Recall,F1_macro,MCC,wall_s
42,balance-scale,TabICLv2,0,OK,1.0,1.0,1.0,1.0,1.0,1.0,1.4
42,balance-scale,TabICLv2,1,OK,0.9841269841269841,1.0,0.9444444444444445,0.9885057471264368,0.9638490164805954,0.9729158085985287,1.7
42,balance-scale,TabICLv2,2,OK,1.0,1.0,1.0,1.0,1.0,1.0,1.4
42,balance-scale,TabICLv2,3,OK,1.0,1.0,1.0,1.0,1.0,1.0,1.2
42,balance-scale,TabICLv2,4,OK,0.9682539682539683,0.9947261663286003,0.9047619047619048,0.9770114942528737,0.9327485380116959,0.9468641529479986,1.9
42,balance-scale,TabICLv2,5,OK,0.9838709677419355,1.0,0.9333333333333332,0.9885057471264368,0.9571150097465887,0.9719488478899142,1.7
42,balance-scale,TabICLv2,6,OK,0.9838709677419355,1.0,0.9885057471264368,0.9333333333333332,0.9571150097465887,0.9719488478899142,1.7
42,balance-scale,TabICLv2,7,OK,1.0,1.0,1.0,1.0,1.0,1.0,1.7
42,balance-scale,TabICLv2,8,OK,0.9838709677419355,1.0,0.9444444444444445,0.9880952380952381,0.9636363636363637,0.972520851765122,2.1
42,balance-scale,TabICLv2,9,OK,1.0,1.0,1.0,1.0,1.0,1.0,1.8
42,bank,TabICLv2,0,OK,0.908,0.9485842803030304,0.7983988355167394,0.7174242424242424,0.7488973317612123,0.5094276818254116,3.3
42,bank,TabICLv2,1,OK,0.91,0.9344933712121213,0.7925394917582418,0.7581439393939394,0.7737693050193051,0.5496082125688203,2.3
42,bank,TabICLv2,2,OK,0.901,0.9147964015151515,0.7665841905198991,0.753030303030303,0.7595400657257154,0.5194376902395054,2.9
42,bank,TabICLv2,3,OK,0.91,0.9341524621212122,0.8048970679975047,0.7221590909090909,0.7543560854185772,0.5205214902275329,1.5
42,bank,TabICLv2,4,OK,0.911,0.9358587425605731,0.8018067846607669,0.7462603070732143,0.7699729395132213,0.5452450145295781,1.7
42,bank,TabICLv2,5,OK,0.904,0.939784127342303,0.7812103983285954,0.7315883000028206,0.752880486825441,0.5103921554727715,1.6
42,bank,TabICLv2,6,OK,0.917,0.9435261707988982,0.822423865159931,0.75323667954757,0.7819410400098783,0.5714877042246644,1.8
42,bank,TabICLv2,7,OK,0.903,0.9316277889036189,0.7805257613484007,0.7203292622157035,0.7451600106139542,0.4972244323457632,1.8
42,bank,TabICLv2,8,OK,0.913,0.9461916716027793,0.8136961722488039,0.7367077539277354,0.7675779215054539,0.5449929039858862,1.7
42,bank,TabICLv2,9,OK,0.902,0.9245526941772675,0.7762721721430649,0.7233238371929033,0.7456817804351437,0.4967822927303572,1.8
42,blood,TabICLv2,0,OK,0.8266666666666667,0.7953216374269005,0.8055555555555556,0.6769005847953217,0.7064137308039746,0.46498583404330573,1.6
42,blood,TabICLv2,1,OK,0.7733333333333333,0.6783625730994152,0.6805210918114144,0.6418128654970761,0.6543778801843317,0.32000133319995666,1.7
42,blood,TabICLv2,2,OK,0.76,0.5969785575048733,0.65,0.5950292397660819,0.6048009367681498,0.23878346647045964,1.7
42,blood,TabICLv2,3,OK,0.76,0.7914230019493177,0.6455223880597014,0.5760233918128654,0.5812655086848635,0.21036259672295876,1.6
42,blood,TabICLv2,4,OK,0.7733333333333333,0.7714424951267057,0.6827731092436975,0.5847953216374269,0.592,0.24898437368631707,1.5
42,blood,TabICLv2,5,OK,0.76,0.7266081871345029,0.65,0.5950292397660819,0.6048009367681498,0.23878346647045964,1.5
42,blood,TabICLv2,6,OK,0.7866666666666666,0.7904483430799221,0.7154850746268657,0.6125730994152047,0.6277915632754343,0.31149846053207353,1.8
42,blood,TabICLv2,7,OK,0.8266666666666667,0.7660818713450293,0.8403361344537814,0.6578947368421052,0.688,0.4636260751400387,1.8
42,blood,TabICLv2,8,OK,0.7567567567567568,0.7801857585139319,0.6098081023454157,0.5531475748194015,0.5524193548387097,0.15278788348791897,1.7
42,blood,TabICLv2,9,OK,0.8243243243243243,0.8782249742002064,0.7916666666666667,0.6589267285861713,0.6871544715447154,0.430597859590438,1.8
42,car,TabICLv2,0,OK,0.9942196531791907,1.0,0.99375,0.9979338842975207,0.9957980986396344,0.9875198273466141,3.1
42,car,TabICLv2,1,OK,0.9942196531791907,1.0,0.9979508196721312,0.9935897435897436,0.9957244401688846,0.9873704017981242,3.2
42,car,TabICLv2,2,OK,1.0,1.0,1.0,1.0,1.0,1.0,2.3
42,car,TabICLv2,3,OK,0.9942196531791907,1.0,0.99375,0.9979338842975207,0.9957980986396344,0.9875198273466141,1.2
42,car,TabICLv2,4,OK,1.0,1.0,1.0,1.0,1.0,1.0,1.2
42,car,TabICLv2,5,OK,1.0,1.0,1.0,1.0,1.0,1.0,1.8
42,car,TabICLv2,6,OK,0.9826589595375722,0.9995209744575629,0.9310897435897436,0.8928571428571429,0.9050865800865802,0.9623716866088231,1.9
42,car,TabICLv2,7,OK,0.9884393063583815,0.9993230055431013,0.962171052631579,0.9913549369290997,0.975717041566572,0.9751388433449123,1.3
42,car,TabICLv2,8,OK,0.9825581395348837,0.9999018067556952,0.9376876876876876,0.9847759895606785,0.9577126556016597,0.9622097701113027,2.0
42,car,TabICLv2,9,OK,0.9883720930232558,1.0,0.9623397435897436,0.9958677685950413,0.9780032467532468,0.9750403009769487,2.2
42,credit-g,TabICLv2,0,OK,0.73,0.7652380952380953,0.6772705196697426,0.6738095238095239,0.6754417598269022,0.3510629835756814,2.0
42,credit-g,TabICLv2,1,OK,0.78,0.8019047619047619,0.7574525745257452,0.680952380952381,0.6984649122807017,0.4316788451742981,1.7
42,credit-g,TabICLv2,2,OK,0.78,0.8342857142857143,0.7390852390852392,0.719047619047619,0.7271825396825397,0.45769444991632735,1.8
42,credit-g,TabICLv2,3,OK,0.72,0.7304761904761905,0.6573426573426573,0.6285714285714286,0.6361746361746362,0.2844627935584563,1.8
42,credit-g,TabICLv2,4,OK,0.8,0.8176190476190477,0.7738927738927739,0.7238095238095238,0.7401247401247402,0.4951759739721276,1.7
42,credit-g,TabICLv2,5,OK,0.74,0.7595238095238096,0.6864801864801865,0.6523809523809524,0.6621621621621622,0.3371410886618741,1.8
42,credit-g,TabICLv2,6,OK,0.8,0.8885714285714286,0.8239202657807309,0.6857142857142857,0.7086247086247086,0.49053693352427613,1.7
42,credit-g,TabICLv2,7,OK,0.73,0.7861904761904762,0.6717902350813743,0.6357142857142857,0.6446900908014213,0.30538100167992077,1.9
42,credit-g,TabICLv2,8,OK,0.82,0.8819047619047619,0.8422619047619048,0.719047619047619,0.745906267645398,0.5476190476190477,1.7
42,credit-g,TabICLv2,9,OK,0.74,0.7709523809523811,0.687110187110187,0.6714285714285715,0.6775793650793651,0.3581956564562562,1.7
42,diabetes,TabICLv2,0,OK,0.7402597402597403,0.8222222222222222,0.7172619047619048,0.6892592592592592,0.6973270440251573,0.40555555555555556,1.3
42,diabetes,TabICLv2,1,OK,0.7532467532467533,0.854074074074074,0.7359649122807017,0.6992592592592592,0.70908729369656,0.4336735806213181,3.2
42,diabetes,TabICLv2,2,OK,0.7402597402597403,0.8562962962962963,0.7148148148148148,0.7148148148148148,0.7148148148148148,0.42962962962962964,3.2
42,diabetes,TabICLv2,3,OK,0.8311688311688312,0.8955555555555555,0.837280701754386,0.7848148148148149,0.8009544641081726,0.6198791514828877,3.2
42,diabetes,TabICLv2,4,OK,0.7532467532467533,0.8807407407407408,0.7359649122807017,0.6992592592592592,0.70908729369656,0.4336735806213181,1.9
42,diabetes,TabICLv2,5,OK,0.7402597402597403,0.7859259259259259,0.721415607985481,0.6807407407407408,0.6900161030595813,0.4000940939272025,1.8
42,diabetes,TabICLv2,6,OK,0.7012987012987013,0.7503703703703704,0.670814479638009,0.6677777777777778,0.6691574817859145,0.3385786396448106,1.9
42,diabetes,TabICLv2,7,OK,0.7532467532467533,0.8644444444444445,0.729559748427673,0.7162962962962962,0.7214924804873406,0.44565871858907996,1.8
42,diabetes,TabICLv2,8,OK,0.8026315789473685,0.8707692307692309,0.7846595570139459,0.7669230769230769,0.7741232415296215,0.5512973964521235,1.7
42,diabetes,TabICLv2,9,OK,0.75,0.8223076923076923,0.7242424242424242,0.6992307692307692,0.7073961499493414,0.4227339147785078,1.8
42,kr-vs-kp,TabICLv2,0,OK,1.0,1.0,1.0,1.0,1.0,1.0,3.4
42,kr-vs-kp,TabICLv2,1,OK,0.996875,0.9991389769480646,0.9970238095238095,0.9967320261437909,0.996868118424272,0.9937557928313525,2.7
42,kr-vs-kp,TabICLv2,2,OK,0.990625,0.9996869007083872,0.9904944453137224,0.9907440021916951,0.9906095020101535,0.9812384157707068,2.5
42,kr-vs-kp,TabICLv2,3,OK,1.0,1.0,1.0,1.0,1.0,1.0,1.2
42,kr-vs-kp,TabICLv2,4,OK,1.0,1.0,1.0,1.0,1.0,1.0,1.3
42,kr-vs-kp,TabICLv2,5,OK,0.9875,0.9996086258854839,0.9872922776148583,0.9877499902156471,0.9874823971209513,0.9750421603988364,2.9
42,kr-vs-kp,TabICLv2,6,OK,0.9968652037617555,1.0,0.9970238095238095,0.9967105263157895,0.9968572976700655,0.9937342864569987,2.3
42,kr-vs-kp,TabICLv2,7,OK,0.9905956112852664,0.9998030255278916,0.9911764705882353,0.9901315789473684,0.9905655727200134,0.981307493237889,2.1
42,kr-vs-kp,TabICLv2,8,OK,0.9937304075235109,0.9999212102111567,0.9937165143397415,0.9937165143397415,0.9937165143397415,0.9874330286794831,2.2
42,kr-vs-kp,TabICLv2,9,OK,0.9968652037617555,0.9998818804630285,0.9970059880239521,0.9967320261437909,0.9968591542362034,0.9937379764037085,1.3
42,magic,TabICLv2,0,OK,0.897,0.9439154693391982,0.8951151810251019,0.8761693422710372,0.8843267197416106,0.7710517953225046,3.7
42,magic,TabICLv2,1,OK,0.888,0.9441042322398254,0.8816854578975263,0.8698896834490055,0.875222816399287,0.7514825698545634,2.7
42,magic,TabICLv2,2,OK,0.898,0.9434633163446724,0.9077326636785268,0.867782562697817,0.8828125,0.7744855426495595,2.7
42,magic,TabICLv2,3,OK,0.91,0.958976992875298,0.9104479680016258,0.8901092629906189,0.8988509467551384,0.8002988299207024,1.3
42,magic,TabICLv2,4,OK,0.905,0.9597671631569937,0.9012231416957026,0.8882194390668967,0.8940865747486786,0.7893354749655275,1.3
42,magic,TabICLv2,5,OK,0.901,0.9480682531529989,0.9081503378378378,0.8733642377710173,0.8869076789685981,0.7807400073848081,1.8
42,magic,TabICLv2,6,OK,0.905,0.951360629326731,0.9111904761904761,0.8790622434690232,0.891824062655503,0.7895993525778953,1.4
42,magic,TabICLv2,7,OK,0.9,0.9551556415963196,0.8976183594162205,0.8804428465445414,0.8879446356855996,0.7778716102151498,1.9
42,magic,TabICLv2,8,OK,0.899,0.9497758241758243,0.8948717948717948,0.8807692307692307,0.8870719776380154,0.7755128099156037,1.9
42,magic,TabICLv2,9,OK,0.885,0.9446087912087913,0.8941383167989907,0.8515384615384616,0.8670998057345856,0.7444589378088653,1.7
42,mfeat-factors,TabICLv2,0,OK,0.995,0.9996666666666666,0.9952380952380953,0.9949999999999999,0.9949968730456537,0.9944720690522652,4.3
42,mfeat-factors,TabICLv2,1,OK,1.0,1.0,1.0,1.0,1.0,1.0,3.6
42,mfeat-factors,TabICLv2,2,OK,0.995,1.0,0.9952380952380953,0.9949999999999999,0.9949968730456537,0.9944720690522652,3.8
42,mfeat-factors,TabICLv2,3,OK,0.995,0.9999166666666668,0.9952380952380953,0.9949999999999999,0.9949968730456537,0.9944720690522652,2.6
42,mfeat-factors,TabICLv2,4,OK,0.98,0.9996944444444444,0.9813852813852814,0.9800000000000001,0.9801036362011972,0.9779136085456454,2.3
42,mfeat-factors,TabICLv2,5,OK,0.98,0.9996666666666666,0.9811471861471862,0.9799999999999999,0.9801067631555437,0.9778864378634362,2.2
42,mfeat-factors,TabICLv2,6,OK,0.985,0.9999444444444444,0.9857142857142858,0.985,0.9849906191369605,0.9834152880222562,2.3
42,mfeat-factors,TabICLv2,7,OK,0.985,0.9999166666666668,0.985909090909091,0.985,0.98510989010989,0.9834152880222562,2.4
42,mfeat-factors,TabICLv2,8,OK,0.985,0.9998055555555556,0.9854761904761904,0.985,0.9849937460913072,0.9833879675158538,2.3
42,mfeat-factors,TabICLv2,9,OK,1.0,1.0,1.0,1.0,1.0,1.0,2.5
42,optdigits,TabICLv2,0,OK,0.99644128113879,0.9999964709203839,0.9966101694915255,0.9964285714285716,0.9964740602671636,0.9960562192608584,3.2
42,optdigits,TabICLv2,1,OK,0.9911032028469751,0.9999757290219466,0.991369960952538,0.9911631940352448,0.9912225223785208,0.9901245428606157,3.4
42,optdigits,TabICLv2,2,OK,0.998220640569395,1.0,0.9982758620689655,0.9982456140350877,0.9982454790303963,0.9980264060599379,3.1
42,optdigits,TabICLv2,3,OK,1.0,1.0,1.0,1.0,1.0,1.0,1.8
42,optdigits,TabICLv2,4,OK,0.9911032028469751,0.999964764251842,0.9913470115967886,0.9911340852130326,0.9911634712770218,0.9901318569091079,2.1
42,optdigits,TabICLv2,5,OK,0.994661921708185,0.9999964709203839,0.9947357618183389,0.9947055137844611,0.9946898532402573,0.9940757001746633,1.8
42,optdigits,TabICLv2,6,OK,0.9911032028469751,0.9999718774590765,0.9912269898885144,0.9911016176805652,0.9911171351817835,0.9901249596409739,1.9
42,optdigits,TabICLv2,7,OK,1.0,1.0,1.0,1.0,1.0,1.0,1.9
42,optdigits,TabICLv2,8,OK,0.998220640569395,0.9999965259683863,0.9982758620689655,0.9982142857142857,0.9982295338817078,0.9980264130215303,1.9
42,optdigits,TabICLv2,9,OK,0.9928825622775801,0.9999824646979244,0.9929791563548369,0.9928571428571429,0.9928714093085006,0.9921020508059002,1.9
42,page-blocks,TabICLv2,0,OK,0.9781021897810219,0.9976599796674146,0.925676907510524,0.91255081300813,0.914073859428829,0.8829387731169549,2.5
42,page-blocks,TabICLv2,1,OK,0.9817518248175182,0.9987626032851946,0.9308992562542258,0.8872595609866485,0.8957003989294552,0.904080124030377,2.6
42,page-blocks,TabICLv2,2,OK,0.9744525547445255,0.9949301594399232,0.9325187093608147,0.840387582546442,0.8785725273034919,0.8644953574229852,2.5
42,page-blocks,TabICLv2,3,OK,0.9817184643510055,0.998785614200778,0.8831274815363411,0.931296673455533,0.9001611423200018,0.9038817856179827,1.8
42,page-blocks,TabICLv2,4,OK,0.9725776965265083,0.982647151117891,0.7949322493224933,0.854121664712296,0.8141209086211629,0.8546419245842048,1.7
42,page-blocks,TabICLv2,5,OK,0.9689213893967094,0.9913308897649984,0.8298184862102389,0.890468843218334,0.8532960817343905,0.8453743332227859,2.1
42,page-blocks,TabICLv2,6,OK,0.9780621572212066,0.9924101168960437,0.9394962338470044,0.8521179205496925,0.8906992626756931,0.8793266501783241,1.4
42,page-blocks,TabICLv2,7,OK,0.9670932358318098,0.9962958243599502,0.8126504351046101,0.8432059906601659,0.823784888886123,0.8267731807548901,1.2
42,page-blocks,TabICLv2,8,OK,0.9872029250457038,0.9966991028308811,0.944439527117012,0.9370657797487066,0.9387352172064027,0.9309298111374184,1.2
42,page-blocks,TabICLv2,9,OK,0.9762340036563071,0.9970453501231109,0.8809614107773618,0.9183665927568366,0.897018544154798,0.8761890757130992,1.3
42,pendigits,TabICLv2,0,OK,0.998,0.9999967014226556,0.9980059523809525,0.9979057017543859,0.9979507639047112,0.9977784150123625,1.7
42,pendigits,TabICLv2,1,OK,0.998,1.0,0.9980952380952381,0.99800753370341,0.9980372350359961,0.9977806771496244,2.3
42,pendigits,TabICLv2,2,OK,0.997,0.9999967805631869,0.9969947481034819,0.9970242914979757,0.9969891155800645,0.996670548813645,1.9
42,pendigits,TabICLv2,3,OK,0.999,1.0,0.9990476190476191,0.9989473684210527,0.998992430571378,0.9988897780172756,1.5
42,pendigits,TabICLv2,4,OK,0.998,0.9996283809252668,0.998008718050327,0.99800753370341,0.9979981481066652,0.9977796200683228,1.9
42,pendigits,TabICLv2,5,OK,0.999,0.9990476800517609,0.9989583333333334,0.9989690721649485,0.99895830507555,0.9988898112685324,1.8
42,pendigits,TabICLv2,6,OK,0.998,0.9999967014226556,0.9979591836734694,0.998076923076923,0.9980028885900692,0.9977807388725178,1.7
42,pendigits,TabICLv2,7,OK,0.997,0.9999839053956869,0.9970334490071332,0.9969441632928475,0.9969791557372278,0.996668248502055,2.2
42,pendigits,TabICLv2,8,OK,0.998,0.9999815634218289,0.99800753370341,0.9980059523809525,0.9979967443885889,0.9977795953929383,1.4
42,pendigits,TabICLv2,9,OK,0.995,0.9999922413482732,0.9951680096992954,0.9949425877520538,0.9950253933210853,0.9944499582605703,1.4
42,phoneme,TabICLv2,0,OK,0.9353049907578558,0.9832724159504758,0.9269550805033149,0.9156376568211004,0.9210321084656417,0.8425167279722394,2.6
42,phoneme,TabICLv2,1,OK,0.922365988909427,0.9826467779643715,0.9076598991507432,0.9046395995916889,0.9061291601943351,0.8122938836700544,2.9
42,phoneme,TabICLv2,2,OK,0.933456561922366,0.9834864499983536,0.9239185364867597,0.9143287562975403,0.9189310689310689,0.8381924361243844,2.4
42,phoneme,TabICLv2,3,OK,0.9075785582255084,0.9688827422700781,0.8850987863844504,0.8960041489676973,0.8902441003667998,0.7810268040743988,1.3
42,phoneme,TabICLv2,4,OK,0.9314814814814815,0.9815345616011665,0.9191872643485547,0.9144575518589702,0.9167746208413344,0.8336313990064456,1.9
42,phoneme,TabICLv2,5,OK,0.9333333333333333,0.9815511299622242,0.9267443463872036,0.9101994830671349,0.9179206566347469,0.8367802824872328,1.8
42,phoneme,TabICLv2,6,OK,0.9111111111111111,0.974294187818941,0.8961272381985892,0.887070051030552,0.8914118139924592,0.7831449171235668,2.1
42,phoneme,TabICLv2,7,OK,0.9148148148148149,0.9728693087679766,0.9007053716766142,0.8915435085161376,0.8959363217427734,0.7921959028107238,1.2
42,phoneme,TabICLv2,8,OK,0.9203703703703704,0.9796794268640948,0.9085729788388497,0.8977616005546476,0.9029097796863175,0.8062620963590463,1.5
42,phoneme,TabICLv2,9,OK,0.937037037037037,0.9816850723848198,0.9269375785504818,0.9205665329569652,0.9236666611232143,0.8474801642516907,1.2
42,satimage,TabICLv2,0,OK,0.9548989113530326,0.9969100670736845,0.9478470776468567,0.9459276074671733,0.9466422954422046,0.9443904177639751,3.4
42,satimage,TabICLv2,1,OK,0.9517884914463453,0.9964820048625601,0.9526700281981973,0.937240589458154,0.9434487587352489,0.9406756083033435,3.6
42,satimage,TabICLv2,2,OK,0.9486780715396579,0.9973299478015404,0.9451444072163251,0.9280259848573169,0.9341743567470613,0.9369233978377356,3.7
42,satimage,TabICLv2,3,OK,0.9393468118195957,0.9958186078712159,0.931328647055111,0.9161608542939067,0.9220440736911301,0.9252893271507839,2.1
42,satimage,TabICLv2,4,OK,0.9160186625194401,0.9937384482517947,0.9041215470627235,0.8920564751427967,0.8966772518556789,0.8964535348766934,1.9
42,satimage,TabICLv2,5,OK,0.9346811819595645,0.9954722310212514,0.9291938684466402,0.9197149417517364,0.9240358563634663,0.9193086074704472,1.9
42,satimage,TabICLv2,6,OK,0.9315707620528771,0.9952403730224706,0.9286418348082618,0.9155121274398453,0.9208374213009863,0.9157159952856788,1.6
42,satimage,TabICLv2,7,OK,0.9502332814930016,0.996780397613105,0.9453354113568496,0.9328091314773171,0.9379660294389062,0.9386795132556555,2.2
42,satimage,TabICLv2,8,OK,0.9502332814930016,0.9973617764770677,0.9483317539287689,0.9323051599356488,0.9392147693403107,0.9386766721998405,1.4
42,satimage,TabICLv2,9,OK,0.9486780715396579,0.9974882608679995,0.9448525258914252,0.9412576523456581,0.9422394442973508,0.936765798781628,1.4
42,segment,TabICLv2,0,OK,0.987012987012987,0.9999344090253182,0.9873949579831933,0.987012987012987,0.9869413236017713,0.9849346257114895,2.2
42,segment,TabICLv2,1,OK,1.0,1.0,1.0,1.0,1.0,1.0,3.1
42,segment,TabICLv2,2,OK,0.974025974025974,0.999344090253181,0.9744079449961803,0.974025974025974,0.9741542040049503,0.9697181715154257,3.4
42,segment,TabICLv2,3,OK,0.9956709956709957,1.0,0.9957983193277311,0.9956709956709957,0.9956700016401508,0.9949712488986399,3.4
42,segment,TabICLv2,4,OK,0.9913419913419913,0.9997594997594997,0.9913419913419913,0.9913419913419913,0.9913419913419913,0.98989898989899,1.7
42,segment,TabICLv2,5,OK,0.9913419913419913,0.9997376361012725,0.9918367346938776,0.9913419913419913,0.9913340336134454,0.98998557251001,1.7
42,segment,TabICLv2,6,OK,1.0,1.0,1.0,1.0,1.0,1.0,1.6
42,segment,TabICLv2,7,OK,0.9783549783549783,0.9997813634177272,0.9785441449306996,0.9783549783549784,0.9779992503559543,0.9748966898229371,1.1
42,segment,TabICLv2,8,OK,0.987012987012987,0.9996064541519087,0.9872676343264579,0.987012987012987,0.9870766049870527,0.9848700179453542,1.2
42,segment,TabICLv2,9,OK,0.9956709956709957,1.0,0.9957983193277311,0.9956709956709957,0.9956700016401508,0.9949712488986399,0.9
42,spambase,TabICLv2,0,OK,0.9587852494577006,0.9931663318760093,0.9557775166470819,0.9583087163732324,0.9569973242997767,0.9140827284361164,3.6
42,spambase,TabICLv2,1,OK,0.9804347826086957,0.991950335650211,0.9799603174603174,0.9790193865225054,0.9794845365933429,0.9589792423717799,3.7
42,spambase,TabICLv2,2,OK,0.9717391304347827,0.9940196835580902,0.9692028985507246,0.9718509277411433,0.9704800691102061,0.9410501006428786,3.3
42,spambase,TabICLv2,3,OK,0.9804347826086957,0.9964058694231569,0.9799603174603174,0.9790193865225054,0.9794845365933429,0.9589792423717799,2.4
42,spambase,TabICLv2,4,OK,0.967391304347826,0.9908513039862177,0.9671886206072198,0.9643854333749183,0.9657396511402738,0.9315698364556766,1.7
42,spambase,TabICLv2,5,OK,0.9608695652173913,0.99128695617735,0.9590090892888968,0.9590090892888968,0.9590090892888968,0.9180181785777937,1.7
42,spambase,TabICLv2,6,OK,0.9608695652173913,0.9895839521574684,0.9618045112781954,0.9560981405572387,0.9587616543150849,0.9178849141257948,2.2
42,spambase,TabICLv2,7,OK,0.9565217391304348,0.9914156715974575,0.953699867826636,0.9554248598982158,0.9545418610166811,0.9091230912055522,1.5
42,spambase,TabICLv2,8,OK,0.9565217391304348,0.9917187129417344,0.9553571428571428,0.9535931694205075,0.9544545436543298,0.9089486006300648,2.1
42,spambase,TabICLv2,9,OK,0.9608695652173913,0.9956518301842042,0.959920634920635,0.9581389833188394,0.9590090892888968,0.918057889438122,1.6
42,tic-tac-toe,TabICLv2,0,OK,1.0,1.0,1.0,1.0,1.0,1.0,1.8
42,tic-tac-toe,TabICLv2,1,OK,0.9583333333333334,0.997628083491461,0.9609375,0.9478178368121442,0.9538239538239539,0.9086606278597037,1.9
42,tic-tac-toe,TabICLv2,2,OK,0.96875,0.9995189995189996,0.9772727272727273,0.9545454545454546,0.964562569213732,0.9315409787235999,1.8
42,tic-tac-toe,TabICLv2,3,OK,0.9895833333333334,1.0,0.9921875,0.9848484848484849,0.9883706844336766,0.9770084209183943,1.6
42,tic-tac-toe,TabICLv2,4,OK,0.9895833333333334,0.9995189995189996,0.9921875,0.9848484848484849,0.9883706844336766,0.9770084209183943,1.9
42,tic-tac-toe,TabICLv2,5,OK,0.9791666666666666,1.0,0.9846153846153847,0.9696969696969697,0.9765625,0.9541957401338105,1.9
42,tic-tac-toe,TabICLv2,6,OK,0.9895833333333334,1.0,0.9921875,0.9848484848484849,0.9883706844336766,0.9770084209183943,1.5
42,tic-tac-toe,TabICLv2,7,OK,1.0,1.0,1.0,1.0,1.0,1.0,2.1
42,tic-tac-toe,TabICLv2,8,OK,1.0,1.0,1.0,1.0,1.0,1.0,1.9
42,tic-tac-toe,TabICLv2,9,OK,0.9894736842105263,1.0,0.9920634920634921,0.9848484848484849,0.9883076923076923,0.9768853332428297,2.0
42,vehicle,TabICLv2,0,OK,0.8823529411764706,0.980570211038961,0.8848684210526316,0.8831168831168832,0.8831521739130435,0.8436234393495505,1.8
42,vehicle,TabICLv2,1,OK,0.8823529411764706,0.9796739718614719,0.8848684210526316,0.8831168831168832,0.8831521739130435,0.8436234393495505,1.9
42,vehicle,TabICLv2,2,OK,0.8705882352941177,0.9717818986568986,0.875,0.8706168831168832,0.8721687467710798,0.8277269415879244,1.8
42,vehicle,TabICLv2,3,OK,0.8352941176470589,0.9587560876623377,0.8405555555555556,0.8382034632034632,0.8364130434782608,0.7827554457858878,1.7
42,vehicle,TabICLv2,4,OK,0.9176470588235294,0.9904795725108225,0.9216008771929824,0.9193722943722944,0.9184281842818428,0.8916826186288851,1.9
42,vehicle,TabICLv2,5,OK,0.9058823529411765,0.9824134199134199,0.9081521739130435,0.9074675324675324,0.9069264069264069,0.8751385894509165,1.7
42,vehicle,TabICLv2,6,OK,0.9523809523809523,0.9948979591836734,0.9523809523809523,0.9523809523809523,0.9523809523809523,0.9364839319470699,1.8
42,vehicle,TabICLv2,7,OK,0.8571428571428571,0.9741201791893036,0.8633540372670807,0.8585953520164046,0.8607035607035607,0.8093527500620774,1.6
42,vehicle,TabICLv2,8,OK,0.9047619047619048,0.9858545405780429,0.9069264069264069,0.9069264069264069,0.9069264069264069,0.8729678638941399,1.6
42,vehicle,TabICLv2,9,OK,0.9166666666666666,0.9888495720868993,0.9166666666666667,0.9188311688311689,0.9174904788914999,0.8890569049359218,0.9
42,wdbc,TabICLv2,0,OK,1.0,1.0,1.0,1.0,1.0,1.0,1.8
42,wdbc,TabICLv2,1,OK,1.0,1.0,1.0,1.0,1.0,1.0,1.8
42,wdbc,TabICLv2,2,OK,0.9824561403508771,1.0,0.9864864864864865,0.9761904761904762,0.9809555629802873,0.962621902223779,1.9
42,wdbc,TabICLv2,3,OK,0.9824561403508771,1.0,0.9772727272727273,0.9861111111111112,0.981329839502129,0.9633432944855655,1.9
42,wdbc,TabICLv2,4,OK,0.9473684210526315,0.9867724867724867,0.9615384615384616,0.9285714285714286,0.9415384615384615,0.8894991799933214,1.8
42,wdbc,TabICLv2,5,OK,1.0,1.0,1.0,1.0,1.0,1.0,1.8
42,wdbc,TabICLv2,6,OK,0.9649122807017544,0.9920634920634921,0.9623015873015872,0.9623015873015872,0.9623015873015872,0.9246031746031746,1.8
42,wdbc,TabICLv2,7,OK,0.9649122807017544,0.9857142857142858,0.9629870129870131,0.9629870129870131,0.9629870129870131,0.925974025974026,1.8
42,wdbc,TabICLv2,8,OK,1.0,1.0,1.0,1.0,1.0,1.0,1.8
42,wdbc,TabICLv2,9,OK,0.9464285714285714,0.9972789115646258,0.9398395721925134,0.9476190476190476,0.9433771486349849,0.8874245216579992,1.8
42,wine-quality,TabICLv2,0,OK,0.7224489795918367,nan,0.7930813392932765,0.5544335037183546,0.6247326998575083,0.5776816791629257,2.8
42,wine-quality,TabICLv2,1,OK,0.7306122448979592,nan,0.6179372311134674,0.46321613258559274,0.5036199666450738,0.5893491125512776,3.2
42,wine-quality,TabICLv2,2,OK,0.7224489795918367,nan,0.5275774543904252,0.40255122947820726,0.43664577169847296,0.5766223480689906,3.3
42,wine-quality,TabICLv2,3,OK,0.7061224489795919,0.9427111180417153,0.6359787299041509,0.47280253271632583,0.5166813085197879,0.5510273567432447,1.8
42,wine-quality,TabICLv2,4,OK,0.7224489795918367,0.9230038650943552,0.592045520391465,0.36914962432203813,0.40138170751167535,0.5741645401567779,1.5
42,wine-quality,TabICLv2,5,OK,0.7040816326530612,0.924921599867483,0.5341137799730605,0.40177590338750696,0.44163492227942286,0.5469574078059068,1.5
42,wine-quality,TabICLv2,6,OK,0.7244897959183674,0.9335899690455165,0.6012130141051684,0.4151639858932365,0.4636997915602707,0.5782296895597062,1.0
42,wine-quality,TabICLv2,7,OK,0.710204081632653,0.8941741733152995,0.5541984653419916,0.38902055841016353,0.4281989909154551,0.5556680759092101,1.8
42,wine-quality,TabICLv2,8,OK,0.6993865030674846,nan,0.6691098081023453,0.4399744829438625,0.4812032115279677,0.5375040020950581,2.4
42,wine-quality,TabICLv2,9,OK,0.7096114519427403,nan,0.6198164697589478,0.4919998229677924,0.5358787683315985,0.5558858556231943,2.0
43,balance-scale,TabICLv2,0,OK,0.9682539682539683,1.0,0.9047619047619048,0.9770114942528737,0.9327485380116959,0.9468641529479986,1.4
43,balance-scale,TabICLv2,1,OK,0.9523809523809523,1.0,0.875,0.9655172413793104,0.9053242079557869,0.9221475326454103,1.3
43,balance-scale,TabICLv2,2,OK,0.9841269841269841,0.9985125084516565,0.9444444444444445,0.9885057471264368,0.9638490164805954,0.9729158085985287,1.8
43,balance-scale,TabICLv2,3,OK,1.0,1.0,1.0,1.0,1.0,1.0,1.4
43,balance-scale,TabICLv2,4,OK,1.0,1.0,1.0,1.0,1.0,1.0,1.6
43,balance-scale,TabICLv2,5,OK,1.0,1.0,1.0,1.0,1.0,1.0,1.9
43,balance-scale,TabICLv2,6,OK,1.0,1.0,1.0,1.0,1.0,1.0,1.6
43,balance-scale,TabICLv2,7,OK,1.0,1.0,1.0,1.0,1.0,1.0,1.6
43,balance-scale,TabICLv2,8,OK,0.967741935483871,1.0,0.9047619047619048,0.9766009852216749,0.9325358851674642,0.9461167392853528,1.6
43,balance-scale,TabICLv2,9,OK,0.967741935483871,1.0,0.9047619047619048,0.9761904761904763,0.9320987654320988,0.946499724464234,1.7
43,bank,TabICLv2,0,OK,0.899,0.9287784090909091,0.763229102401749,0.7303030303030302,0.7451239177229725,0.4924325738497383,2.5
43,bank,TabICLv2,1,OK,0.918,0.9394554924242424,0.8287364510711923,0.7446969696969697,0.7781169161498414,0.5672417946733365,2.2
43,bank,TabICLv2,2,OK,0.901,0.9359232954545454,0.7697339656274174,0.727840909090909,0.7461792282310231,0.4958081562106327,2.1
43,bank,TabICLv2,3,OK,0.906,0.935378787878788,0.7933205802646262,0.7090909090909091,0.74118657694468,0.495300582606577,2.3
43,bank,TabICLv2,4,OK,0.907,0.9305935557874745,0.7892777953753564,0.7404215910266174,0.7615623053079308,0.5274414766125828,2.2
43,bank,TabICLv2,5,OK,0.919,0.9493742889647325,0.8248525073746313,0.7650645455485667,0.7906495292198981,0.5868794841790571,2.4
43,bank,TabICLv2,6,OK,0.914,0.9384161189932211,0.8059659490643027,0.7657838076702489,0.7838240025740026,0.5703360236202929,2.5
43,bank,TabICLv2,7,OK,0.912,0.9339454112957061,0.8067361382793328,0.7432657320960145,0.7697564651338029,0.5463273423098142,1.9
43,bank,TabICLv2,8,OK,0.912,0.9353087185851692,0.8053503925559755,0.7468291352870937,0.7716326191662515,0.5490696617157648,2.4
43,bank,TabICLv2,9,OK,0.905,0.9301751614813979,0.7836214308339744,0.7357205314077793,0.7564346129489614,0.517128202266398,2.2
43,blood,TabICLv2,0,OK,0.8,0.7056530214424951,0.7270471464019852,0.6783625730994152,0.6950393060449986,0.4024759036123166,1.4
43,blood,TabICLv2,1,OK,0.7866666666666666,0.7509746588693957,0.7076923076923076,0.631578947368421,0.648711943793911,0.33062326126679026,1.9
43,blood,TabICLv2,2,OK,0.7733333333333333,0.6515594541910331,0.6792929292929293,0.6038011695906433,0.6160794941282746,0.27284292741384053,1.8
43,blood,TabICLv2,3,OK,0.8533333333333334,0.7660818713450293,0.8686868686868687,0.7134502923976608,0.7515808491418248,0.5610572873580383,1.6
43,blood,TabICLv2,4,OK,0.7733333333333333,0.8021442495126706,0.6827731092436975,0.5847953216374269,0.592,0.24898437368631707,1.7
43,blood,TabICLv2,5,OK,0.7866666666666666,0.8226120857699805,0.7693661971830985,0.5745614035087719,0.5738636363636364,0.28343832993998846,1.8
43,blood,TabICLv2,6,OK,0.76,0.7309941520467836,0.6413043478260869,0.5570175438596491,0.5535714285714286,0.17951965741648493,1.7
43,blood,TabICLv2,7,OK,0.8,0.7860623781676415,0.7424242424242424,0.6403508771929824,0.6612466124661247,0.36891438072857313,1.7
43,blood,TabICLv2,8,OK,0.7567567567567568,0.6496388028895769,0.6320346320346321,0.5944272445820433,0.6035714285714285,0.2233174108074361,1.7
43,blood,TabICLv2,9,OK,0.8513513513513513,0.8586171310629515,0.8617424242424243,0.697110423116615,0.7352845528455285,0.5340531894920367,1.7
43,car,TabICLv2,0,OK,1.0,1.0,1.0,1.0,1.0,1.0,1.1
43,car,TabICLv2,1,OK,0.9884393063583815,1.0,0.9375,0.9871794871794872,0.9577067669172933,0.9751263362289339,1.1
43,car,TabICLv2,2,OK,1.0,1.0,1.0,1.0,1.0,1.0,1.8
43,car,TabICLv2,3,OK,1.0,1.0,1.0,1.0,1.0,1.0,1.9
43,car,TabICLv2,4,OK,0.9884393063583815,1.0,0.9875,0.9958677685950413,0.9915064102564103,0.9754760122914541,1.8
43,car,TabICLv2,5,OK,0.9942196531791907,0.9999512670565303,0.96875,0.993421052631579,0.98,0.9875168595946126,1.9
43,car,TabICLv2,6,OK,1.0,1.0,1.0,1.0,1.0,1.0,1.7
43,car,TabICLv2,7,OK,0.9884393063583815,0.9998230681245035,0.9913549369290997,0.9913549369290997,0.9913549369290997,0.9748290411756148,1.8
43,car,TabICLv2,8,OK,0.9941860465116279,1.0,0.9935897435897436,0.9979338842975207,0.9957159023549065,0.9873478038914031,2.6
43,car,TabICLv2,9,OK,1.0,1.0,1.0,1.0,1.0,1.0,1.6
43,credit-g,TabICLv2,0,OK,0.76,0.8119047619047619,0.7132936507936507,0.7047619047619047,0.7085964060223409,0.41796848785585977,1.8
43,credit-g,TabICLv2,1,OK,0.74,0.7738095238095237,0.6875,0.6428571428571428,0.6533333333333333,0.3273268353539886,1.8
43,credit-g,TabICLv2,2,OK,0.79,0.7995238095238095,0.7622061482820977,0.7071428571428571,0.7236478484011054,0.46610784466935273,1.8
43,credit-g,TabICLv2,3,OK,0.77,0.790952380952381,0.7320675105485233,0.6833333333333333,0.6973285958678774,0.4125322303395421,1.9
43,credit-g,TabICLv2,4,OK,0.71,0.7323809523809524,0.6416515973477999,0.6119047619047618,0.6183708382681932,0.2518053873501101,2.1
43,credit-g,TabICLv2,5,OK,0.82,0.8680952380952381,0.8654485049833887,0.7095238095238096,0.7377622377622377,0.5534262839761064,1.8
43,credit-g,TabICLv2,6,OK,0.77,0.7904761904761906,0.7445074415308293,0.6642857142857144,0.6801557502433597,0.4008445069104218,2.2
43,credit-g,TabICLv2,7,OK,0.76,0.8476190476190476,0.7138157894736843,0.6857142857142857,0.69558599695586,0.3985405706652278,1.9
43,credit-g,TabICLv2,8,OK,0.77,0.8357142857142857,0.7266666666666667,0.7023809523809523,0.7115987460815048,0.4283597360771242,2.1
43,credit-g,TabICLv2,9,OK,0.76,0.790952380952381,0.7130977130977132,0.6952380952380952,0.7023809523809523,0.40794505318629176,1.9
43,diabetes,TabICLv2,0,OK,0.7142857142857143,0.8244444444444445,0.6901960784313725,0.6437037037037037,0.65,0.3306471285253108,1.1
43,diabetes,TabICLv2,1,OK,0.8181818181818182,0.8637037037037038,0.8003703703703704,0.8003703703703704,0.8003703703703704,0.6007407407407407,1.6
43,diabetes,TabICLv2,2,OK,0.6883116883116883,0.7985185185185185,0.6654978962131837,0.6748148148148148,0.6681034482758621,0.3401851500506696,1.7
43,diabetes,TabICLv2,3,OK,0.8051948051948052,0.8866666666666667,0.8309426229508197,0.7392592592592593,0.7580138277812697,0.5627826821234976,1.7
43,diabetes,TabICLv2,4,OK,0.7142857142857143,0.8325925925925926,0.6839774557165862,0.6692592592592592,0.6742307692307692,0.3529299526817895,1.9
43,diabetes,TabICLv2,5,OK,0.7922077922077922,0.8414814814814815,0.8204301075268817,0.7207407407407407,0.7380952380952381,0.5319096889176549,1.4
43,diabetes,TabICLv2,6,OK,0.7272727272727273,0.8333333333333333,0.6998491704374057,0.6962962962962963,0.6979263964132263,0.3961295342422729,1.7
43,diabetes,TabICLv2,7,OK,0.7792207792207793,0.8903703703703703,0.7914959016393442,0.7107407407407407,0.7257490048187722,0.49570177419236866,1.7
43,diabetes,TabICLv2,8,OK,0.7368421052631579,0.8076923076923077,0.7089285714285715,0.6799999999999999,0.6882690730106644,0.38785122331710054,1.8
43,diabetes,TabICLv2,9,OK,0.8157894736842105,0.8769230769230769,0.7953846153846154,0.7953846153846154,0.7953846153846154,0.5907692307692308,1.7
43,kr-vs-kp,TabICLv2,0,OK,0.990625,0.9998825877656451,0.9907581453634086,0.9904700403115339,0.9906043552728163,0.9812281433787039,2.1
43,kr-vs-kp,TabICLv2,1,OK,1.0,1.0,1.0,1.0,1.0,1.0,1.8
43,kr-vs-kp,TabICLv2,2,OK,0.99375,0.9999608625885484,0.9940828402366864,0.9934640522875817,0.993734335839599,0.9875466986607835,2.0
43,kr-vs-kp,TabICLv2,3,OK,1.0,1.0,1.0,1.0,1.0,1.0,1.9
43,kr-vs-kp,TabICLv2,4,OK,1.0,1.0,1.0,1.0,1.0,1.0,2.1
43,kr-vs-kp,TabICLv2,5,OK,0.996875,0.9999608625885484,0.9970238095238095,0.9967320261437909,0.996868118424272,0.9937557928313525,2.0
43,kr-vs-kp,TabICLv2,6,OK,0.9968652037617555,0.9999606051055784,0.9967320261437909,0.9970059880239521,0.9968591542362034,0.9937379764037085,2.0
43,kr-vs-kp,TabICLv2,7,OK,0.9968652037617555,0.9997242357390482,0.9970238095238095,0.9967105263157895,0.9968572976700655,0.9937342864569987,2.0
43,kr-vs-kp,TabICLv2,8,OK,0.9968652037617555,0.9996848408446266,0.9967320261437909,0.9970059880239521,0.9968591542362034,0.9937379764037085,1.5
43,kr-vs-kp,TabICLv2,9,OK,0.9843260188087775,0.9994487754941334,0.9848323471400394,0.9839160563823923,0.9842864883503275,0.9687479701854903,2.2
43,magic,TabICLv2,0,OK,0.904,0.958665314597518,0.9015781699448029,0.8854867668426991,0.8925842877666931,0.7869004266529025,1.8
43,magic,TabICLv2,1,OK,0.896,0.9456911575555643,0.9000708178270809,0.8695121576477509,0.8816697311172198,0.7689760233120014,2.1
43,magic,TabICLv2,2,OK,0.912,0.9575481016158982,0.913474684277604,0.8916500950399255,0.9009504256880569,0.8048289244154357,1.9
43,magic,TabICLv2,3,OK,0.904,0.9534172669765889,0.9063830385117952,0.8809081690437623,0.8914518317503393,0.7868789465476087,2.1
43,magic,TabICLv2,4,OK,0.894,0.9413101023270515,0.8932851542335756,0.8712417525976848,0.8805100642089315,0.7642090549799142,2.3
43,magic,TabICLv2,5,OK,0.894,0.9493456951084069,0.8993299519615309,0.8660090693988999,0.8790086931112573,0.7646133247610778,2.1
43,magic,TabICLv2,6,OK,0.893,0.9445563852343513,0.8938611966068613,0.8685090803734872,0.8789207881690899,0.7619486265002272,2.2
43,magic,TabICLv2,7,OK,0.911,0.9607241471648251,0.9119568435857577,0.8908796790152722,0.8999000124843805,0.8025598016071964,2.2
43,magic,TabICLv2,8,OK,0.893,0.9428747252747253,0.8937701820437977,0.8682417582417583,0.8787330665460797,0.7615842019868461,2.1
43,magic,TabICLv2,9,OK,0.904,0.9456307692307693,0.9027647134768255,0.883956043956044,0.8921076765388143,0.7864958894530891,2.1
43,mfeat-factors,TabICLv2,0,OK,0.995,0.9998888888888888,0.9952380952380953,0.9949999999999999,0.9949968730456537,0.9944720690522652,2.8
43,mfeat-factors,TabICLv2,1,OK,0.995,1.0,0.9952380952380953,0.9949999999999999,0.9949968730456537,0.9944720690522652,3.0
43,mfeat-factors,TabICLv2,2,OK,0.995,1.0,0.9952380952380953,0.9949999999999999,0.9949968730456537,0.9944720690522652,2.2
43,mfeat-factors,TabICLv2,3,OK,0.98,0.9994444444444444,0.9813852813852815,0.9800000000000001,0.9799686834346655,0.9779407814928016,3.0
43,mfeat-factors,TabICLv2,4,OK,1.0,1.0,1.0,1.0,1.0,1.0,2.9
43,mfeat-factors,TabICLv2,5,OK,0.98,0.9998333333333334,0.981147186147186,0.9800000000000001,0.979971810389012,0.9779136085456454,2.7
43,mfeat-factors,TabICLv2,6,OK,0.985,0.9999444444444444,0.9854761904761904,0.985,0.984993746091307,0.9833879675158538,3.1
43,mfeat-factors,TabICLv2,7,OK,0.99,1.0,0.9904761904761905,0.99,0.9899937460913071,0.9889438317391072,3.0
43,mfeat-factors,TabICLv2,8,OK,0.98,1.0,0.9813852813852814,0.9800000000000001,0.9798337306681336,0.9779679567052196,3.4
43,mfeat-factors,TabICLv2,9,OK,0.99,0.9999722222222222,0.9902380952380951,0.99,0.9899968730456535,0.9889163591692915,2.6
43,optdigits,TabICLv2,0,OK,0.99644128113879,0.9999965790914066,0.9965809468147283,0.9964598997493734,0.9964898772747945,0.996052715000505,2.0
43,optdigits,TabICLv2,1,OK,0.994661921708185,0.9999964138425677,0.9947325169626687,0.9947335423197492,0.9946877756099927,0.994079051528606,2.5
43,optdigits,TabICLv2,2,OK,1.0,1.0,1.0,1.0,1.0,1.0,2.4
43,optdigits,TabICLv2,3,OK,0.99644128113879,0.9999894678091543,0.9964901477832513,0.9964598997493734,0.9964597647446821,0.9960492941209135,1.8
43,optdigits,TabICLv2,4,OK,0.99644128113879,1.0,0.9964912280701753,0.9964274322169059,0.9964277015507023,0.9960527982459517,2.5
43,optdigits,TabICLv2,5,OK,0.99644128113879,0.9999859387295382,0.9965214761040532,0.9964598997493734,0.9964751479167955,0.9960492802408012,2.7
43,optdigits,TabICLv2,6,OK,0.9911032028469751,0.9999682933314581,0.9913188142770719,0.9911016176805652,0.991116138337517,0.9901354097475867,2.5
43,optdigits,TabICLv2,7,OK,0.9928825622775801,0.9999895228571566,0.9931618936294566,0.9928571428571429,0.9929167480141994,0.9921124665765446,1.8
43,optdigits,TabICLv2,8,OK,0.994661921708185,0.9999683483794604,0.9947660098522167,0.9946741854636592,0.9946892986263899,0.9940757002238751,2.3
43,optdigits,TabICLv2,9,OK,0.994661921708185,0.9999964709203839,0.9947357618183389,0.9946741854636592,0.9946739080915687,0.9940757210346883,2.5
43,page-blocks,TabICLv2,0,OK,0.9817518248175182,0.9983911761026851,0.9495649263721553,0.8811314363143632,0.9093059628543501,0.900515358209928,1.7
43,page-blocks,TabICLv2,1,OK,0.9744525547445255,0.9965713002910667,0.8786250597800095,0.896040856631488,0.8773617688563279,0.8665529423381977,2.0
43,page-blocks,TabICLv2,2,OK,0.9781021897810219,0.9838074752875261,0.9060750360750361,0.8695827933098809,0.8783018536568232,0.8833048578220766,1.3
43,page-blocks,TabICLv2,3,OK,0.979890310786106,0.9933658593699717,0.9297856614929785,0.8549363286634162,0.884744085869926,0.8932639718963099,1.2
43,page-blocks,TabICLv2,4,OK,0.9762340036563071,0.9966986459874928,0.874660243407708,0.8848320269908865,0.8751735591046925,0.8729664758432121,1.8
43,page-blocks,TabICLv2,5,OK,0.9707495429616088,0.9962336062414066,0.8635511557290698,0.8811824970684441,0.8675050981490994,0.8486780977874889,1.1
43,page-blocks,TabICLv2,6,OK,0.9689213893967094,0.9903838658904984,0.8168521705871103,0.7498858236129112,0.7769321204518033,0.8286101323364525,2.0
43,page-blocks,TabICLv2,7,OK,0.979890310786106,0.9975684666824481,0.9301061972650567,0.9131148552737148,0.9171583865618279,0.8941513394985028,1.7
43,page-blocks,TabICLv2,8,OK,0.979890310786106,0.9980048929104898,0.8328905177984932,0.919179600886918,0.8617278310004188,0.8954447091316352,1.6
43,page-blocks,TabICLv2,9,OK,0.9725776965265083,0.9969594492212618,0.8783899927802367,0.7554878048780488,0.797847112237356,0.8529844965499294,2.2
43,pendigits,TabICLv2,0,OK,0.996,0.9999924876245817,0.9961630036630037,0.9961628258472919,0.9961583363242402,0.9955557728838279,2.0
43,pendigits,TabICLv2,1,OK,1.0,1.0,1.0,1.0,1.0,1.0,2.0
43,pendigits,TabICLv2,2,OK,0.999,0.9999988583301936,0.9990476190476191,0.9989690721649485,0.9990033963854525,0.9988897977359459,1.4
43,pendigits,TabICLv2,3,OK,0.998,0.9999988368711834,0.9979269602577873,0.9978947368421054,0.9979054473791317,0.9977784618654362,1.7
43,pendigits,TabICLv2,4,OK,0.998,0.9999942701919584,0.9979874595469257,0.9979381443298969,0.9979523654824753,0.9977796077461024,2.0
43,pendigits,TabICLv2,5,OK,1.0,1.0,1.0,1.0,1.0,1.0,1.9
43,pendigits,TabICLv2,6,OK,0.997,0.9999945641642551,0.9970641374769948,0.9970352564102564,0.9970397411772829,0.9966682706735409,1.5
43,pendigits,TabICLv2,7,OK,0.995,0.9988531541854748,0.994960854505415,0.99488253370341,0.9949067308006085,0.9944467103618347,1.8
43,pendigits,TabICLv2,8,OK,0.998,0.9999988368711834,0.9980166912125675,0.9979858299595141,0.9979912040689124,0.9977795879957613,1.9
43,pendigits,TabICLv2,9,OK,0.997,0.9999988477138644,0.9968857388316152,0.9970352564102564,0.9969457646224757,0.9966694450281094,1.7
43,phoneme,TabICLv2,0,OK,0.9408502772643254,0.9862688926207646,0.9287431262142316,0.9287431262142316,0.9287431262142316,0.8574862524284632,1.0
43,phoneme,TabICLv2,1,OK,0.922365988909427,0.9720438605156574,0.9007823613086771,0.9174898745431197,0.9084381044487427,0.8181016507546109,1.8
43,phoneme,TabICLv2,2,OK,0.9316081330868762,0.9778557081234154,0.9170029527559055,0.9185271164674504,0.9177598737864476,0.8355286790418186,1.8
43,phoneme,TabICLv2,3,OK,0.9353049907578558,0.9823339589713195,0.9254589080170476,0.9174734103855906,0.9213326298208951,0.8428944923507475,1.9
43,phoneme,TabICLv2,4,OK,0.9203703703703704,0.9779640797932267,0.9082636749008325,0.8973258665252833,0.9025348494578973,0.805515284524806,1.7
43,phoneme,TabICLv2,5,OK,0.912962962962963,0.9756196567035589,0.897780817753458,0.8902346079925774,0.8938781312850447,0.7879792928319564,1.5
43,phoneme,TabICLv2,6,OK,0.9351851851851852,0.9826363576115051,0.9210865151290051,0.9226423222214859,0.9218591728648743,0.8437274029217625,1.6
43,phoneme,TabICLv2,7,OK,0.912962962962963,0.974169925111008,0.897780817753458,0.8902346079925774,0.8938781312850447,0.7879792928319564,1.7
43,phoneme,TabICLv2,8,OK,0.9166666666666666,0.9748922894072204,0.9053846153846155,0.891472292378547,0.8980015866419855,0.796735450898505,1.6
43,phoneme,TabICLv2,9,OK,0.9314814814814815,0.9834018389210782,0.920849875513088,0.9129648888228594,0.9167746208413344,0.833777481231957,1.2
43,satimage,TabICLv2,0,OK,0.9409020217729394,0.9956130431146565,0.9307122732583762,0.9238428865865215,0.9265338412230698,0.9271236276761664,2.1
43,satimage,TabICLv2,1,OK,0.9440124416796267,0.9957934126007583,0.9483093608819325,0.92653686091405,0.9349688659644002,0.9311787068899089,2.4
43,satimage,TabICLv2,2,OK,0.9486780715396579,0.9967948269561638,0.9423744928950074,0.9322103927624396,0.9366981602954606,0.9366744701309051,2.3
43,satimage,TabICLv2,3,OK,0.9580093312597201,0.9984591664283807,0.954870453592474,0.9455147671378028,0.9493319055959919,0.948316060301133,2.6
43,satimage,TabICLv2,4,OK,0.9471228615863142,0.9967164544910542,0.9408446905107505,0.9305166678208149,0.9350914972439041,0.934774749577951,2.5
43,satimage,TabICLv2,5,OK,0.9346811819595645,0.9946857260151383,0.9296769370765784,0.9147235607349801,0.9196946353886551,0.9195934316623074,2.5
43,satimage,TabICLv2,6,OK,0.9533437013996889,0.9973231973959821,0.9518476286326522,0.9408092500606756,0.9455918047594439,0.9424271119189297,2.3
43,satimage,TabICLv2,7,OK,0.9300155520995335,0.9925613823507137,0.9191024120473954,0.911816914559251,0.9140669278247963,0.9139072007736548,1.9
43,satimage,TabICLv2,8,OK,0.9315707620528771,0.9955906965603533,0.9233337761765683,0.9090109611919885,0.9145864858243232,0.915646962219897,2.0
43,satimage,TabICLv2,9,OK,0.9393468118195957,0.9962594811264625,0.9403308867406611,0.9264165359303909,0.9312168284644745,0.925465967398816,1.9
43,segment,TabICLv2,0,OK,0.9783549783549783,0.9997157724430453,0.9787915166066428,0.9783549783549784,0.9781265740126897,0.9748966898229371,1.8
43,segment,TabICLv2,1,OK,1.0,1.0,1.0,1.0,1.0,1.0,2.0
43,segment,TabICLv2,2,OK,0.9956709956709957,0.9996064541519087,0.9957983193277311,0.9956709956709957,0.9956700016401508,0.9949712488986399,2.1
43,segment,TabICLv2,3,OK,0.987012987012987,0.999628317810136,0.9872676343264579,0.987012987012987,0.9870766049870527,0.9848700179453542,1.9
43,segment,TabICLv2,4,OK,0.9913419913419913,0.9999344090253182,0.9918367346938776,0.9913419913419913,0.9914027149321267,0.9899639247273518,2.2
43,segment,TabICLv2,5,OK,0.9783549783549783,0.9998032270759544,0.9784823020117138,0.9783549783549784,0.9783539843241336,0.9747687869920686,1.5
43,segment,TabICLv2,6,OK,0.987012987012987,0.9998688180506362,0.9871403106697224,0.987012987012987,0.9870119929821423,0.9848700179453542,1.7
43,segment,TabICLv2,7,OK,1.0,1.0,1.0,1.0,1.0,1.0,1.7
43,segment,TabICLv2,8,OK,1.0,1.0,1.0,1.0,1.0,1.0,1.7
43,segment,TabICLv2,9,OK,0.987012987012987,0.9998250907341816,0.9870050292844411,0.987012987012987,0.9869453929155422,0.9848700179453542,1.5
43,spambase,TabICLv2,0,OK,0.9522776572668112,0.9923588955847019,0.9517509032437368,0.9481566820276498,0.9498714907077896,0.8999004076023234,2.8
43,spambase,TabICLv2,1,OK,0.9586956521739131,0.9909107111031902,0.9563404221677603,0.9572169745935564,0.9567735458056985,0.9135569762380223,2.5
43,spambase,TabICLv2,2,OK,0.9717391304347827,0.9945939523554921,0.9692028985507246,0.9718509277411433,0.9704800691102061,0.9410501006428786,1.9
43,spambase,TabICLv2,3,OK,0.9565217391304348,0.994178102536684,0.9544545436543298,0.9544545436543298,0.9544545436543298,0.9089090873086596,2.4
43,spambase,TabICLv2,4,OK,0.9543478260869566,0.9925939127507475,0.952579365079365,0.9516921127151032,0.9521305853844667,0.9042710425175816,1.9
43,spambase,TabICLv2,5,OK,0.9891304347826086,0.9992673122240044,0.9890873015873016,0.9881284777916395,0.9886025203296349,0.977215308989846,1.8
43,spambase,TabICLv2,6,OK,0.967391304347826,0.9939404740687935,0.9681898207426376,0.9634151171310323,0.9656701046315507,0.9315927020302519,1.9
43,spambase,TabICLv2,7,OK,0.9630434782608696,0.9920790510703182,0.9594812024173927,0.9637121527158954,0.9614685318130978,0.923183659962539,1.8
43,spambase,TabICLv2,8,OK,0.967391304347826,0.9876077160249822,0.9682078616917211,0.9635346667720768,0.9657396511402738,0.9317308090845522,2.1
43,spambase,TabICLv2,9,OK,0.9630434782608696,0.9886354652541702,0.9626533330682518,0.9599375444699185,0.9612485691207588,0.9225868803581267,1.9
43,tic-tac-toe,TabICLv2,0,OK,0.9895833333333334,1.0,0.9920634920634921,0.9852941176470589,0.9885373134328358,0.977334166408364,1.7
43,tic-tac-toe,TabICLv2,1,OK,0.9791666666666666,0.9985768500948766,0.9772296015180266,0.9772296015180266,0.9772296015180266,0.9544592030360531,1.7
43,tic-tac-toe,TabICLv2,2,OK,0.9791666666666666,0.9985569985569986,0.9846153846153847,0.9696969696969697,0.9765625,0.9541957401338105,1.7
43,tic-tac-toe,TabICLv2,3,OK,1.0,1.0,1.0,1.0,1.0,1.0,1.8
43,tic-tac-toe,TabICLv2,4,OK,0.96875,0.9995189995189996,0.9772727272727273,0.9545454545454546,0.964562569213732,0.9315409787235999,1.8
43,tic-tac-toe,TabICLv2,5,OK,1.0,1.0,1.0,1.0,1.0,1.0,1.9
43,tic-tac-toe,TabICLv2,6,OK,0.9895833333333334,1.0,0.9921875,0.9848484848484849,0.9883706844336766,0.9770084209183943,1.3
43,tic-tac-toe,TabICLv2,7,OK,1.0,1.0,1.0,1.0,1.0,1.0,1.9
43,tic-tac-toe,TabICLv2,8,OK,0.9789473684210527,1.0,0.984375,0.9696969696969697,0.9764384920634921,0.9539590550898287,1.4
43,tic-tac-toe,TabICLv2,9,OK,0.9894736842105263,1.0,0.9920634920634921,0.9848484848484849,0.9883076923076923,0.9768853332428297,1.9
43,vehicle,TabICLv2,0,OK,0.8588235294117647,0.9666475018037518,0.8603896103896105,0.8603896103896105,0.8603896103896105,0.8116691285081241,1.2
43,vehicle,TabICLv2,1,OK,0.8588235294117647,0.9675775613275613,0.8612938596491229,0.8598484848484849,0.8597826086956522,0.8122001298207547,2.0
43,vehicle,TabICLv2,2,OK,0.9058823529411765,0.9895375804750804,0.9136842105263158,0.9068722943722944,0.9074285558909101,0.8765975600488908,1.9
43,vehicle,TabICLv2,3,OK,0.8705882352941177,0.9849937215562214,0.8768421052631579,0.8716450216450217,0.871953206887484,0.8291115609932749,1.9
43,vehicle,TabICLv2,4,OK,0.9058823529411765,0.9811338834776335,0.9081521739130435,0.9074675324675324,0.9069264069264069,0.8751385894509165,1.9
43,vehicle,TabICLv2,5,OK,0.8588235294117647,0.9699731691919192,0.85741341991342,0.8609307359307359,0.8585203792237258,0.8122230428360414,1.9
43,vehicle,TabICLv2,6,OK,0.9285714285714286,0.9869614512471655,0.9302059496567506,0.9285714285714286,0.928409090909091,0.9054107775780503,1.8
43,vehicle,TabICLv2,7,OK,0.9285714285714286,0.9957390173403998,0.9464285714285714,0.9285714285714286,0.9283333333333333,0.9107843610411924,1.9
43,vehicle,TabICLv2,8,OK,0.9047619047619048,0.9806316954934466,0.9069264069264069,0.9069264069264069,0.9069264069264069,0.8729678638941399,1.8
43,vehicle,TabICLv2,9,OK,0.8809523809523809,0.9828765491207887,0.8848684210526316,0.8831168831168832,0.8831521739130435,0.8417870680463994,1.9
43,wdbc,TabICLv2,0,OK,0.9824561403508771,1.0,0.9864864864864865,0.9761904761904762,0.9809555629802873,0.962621902223779,1.7
43,wdbc,TabICLv2,1,OK,0.9649122807017544,0.9986772486772486,0.9623015873015872,0.9623015873015872,0.9623015873015872,0.9246031746031746,1.7
43,wdbc,TabICLv2,2,OK,0.9824561403508771,1.0,0.9772727272727273,0.9861111111111112,0.981329839502129,0.9633432944855655,1.9
43,wdbc,TabICLv2,3,OK,1.0,1.0,1.0,1.0,1.0,1.0,1.8
43,wdbc,TabICLv2,4,OK,1.0,1.0,1.0,1.0,1.0,1.0,2.0
43,wdbc,TabICLv2,5,OK,0.9824561403508771,1.0,0.9772727272727273,0.9861111111111112,0.981329839502129,0.9633432944855655,1.9
43,wdbc,TabICLv2,6,OK,0.9824561403508771,1.0,0.9864864864864865,0.9761904761904762,0.9809555629802873,0.962621902223779,2.0
43,wdbc,TabICLv2,7,OK,0.9649122807017544,0.9857142857142858,0.9629870129870131,0.9629870129870131,0.9629870129870131,0.925974025974026,2.0
43,wdbc,TabICLv2,8,OK,0.9473684210526315,0.9935064935064934,0.9605263157894737,0.9318181818181819,0.942866688940862,0.8918825850158447,1.6
43,wdbc,TabICLv2,9,OK,0.9642857142857143,0.9959183673469387,0.9565217391304348,0.9714285714285714,0.9625668449197862,0.9278305692406299,2.0
43,wine-quality,TabICLv2,0,OK,0.726530612244898,nan,0.5981153291671016,0.4525989481166757,0.48677514298099317,0.5845241195229329,1.7
43,wine-quality,TabICLv2,1,OK,0.7183673469387755,nan,0.6938923530865274,0.4639831025810075,0.5049657213595956,0.5697231484940153,1.7
43,wine-quality,TabICLv2,2,OK,0.7040816326530612,nan,0.8264870023080014,0.5628649578953839,0.6427905493576046,0.5475461687660167,1.9
43,wine-quality,TabICLv2,3,OK,0.710204081632653,0.9073741089464651,0.5800845791587195,0.4027018958053441,0.4495418580942313,0.555475393050126,1.7
43,wine-quality,TabICLv2,4,OK,0.7285714285714285,0.8845483342383983,0.5298306421893243,0.4190034582275962,0.4514259868115719,0.5869233339173336,1.5
43,wine-quality,TabICLv2,5,OK,0.6938775510204082,0.9282183176680684,0.5537433155080214,0.38398181190284336,0.4248506548174603,0.5309826821324692,1.9
43,wine-quality,TabICLv2,6,OK,0.7183673469387755,0.9321765729360768,0.6048378384725581,0.4991243446319998,0.5327339433557989,0.5719605492396006,1.7
43,wine-quality,TabICLv2,7,OK,0.726530612244898,0.9366338019063457,0.5694830772503633,0.4296094216017665,0.4727252900499625,0.5820246557801662,1.9
43,wine-quality,TabICLv2,8,OK,0.7321063394683026,nan,0.68462185994133,0.472596940395087,0.5276502217521136,0.5891083468480226,2.3
43,wine-quality,TabICLv2,9,OK,0.6973415132924335,nan,0.6229206151010428,0.445373965277269,0.4905064499285716,0.5349826163574882,1.6
44,balance-scale,TabICLv2,0,OK,1.0,1.0,1.0,1.0,1.0,1.0,1.6
44,balance-scale,TabICLv2,1,OK,1.0,1.0,1.0,1.0,1.0,1.0,1.6
44,balance-scale,TabICLv2,2,OK,0.9523809523809523,0.9977011494252874,0.875,0.9655172413793104,0.9053242079557869,0.9221475326454103,1.6
44,balance-scale,TabICLv2,3,OK,0.9682539682539683,0.9947261663286003,0.9047619047619048,0.9770114942528735,0.9325396825396824,0.9472669881727528,1.9
44,balance-scale,TabICLv2,4,OK,1.0,1.0,1.0,1.0,1.0,1.0,1.9
44,balance-scale,TabICLv2,5,OK,1.0,1.0,1.0,1.0,1.0,1.0,1.5
44,balance-scale,TabICLv2,6,OK,0.967741935483871,0.9954462959907606,0.9047619047619048,0.9766009852216749,0.932535885167464,0.9461167392853528,1.7
44,balance-scale,TabICLv2,7,OK,1.0,1.0,1.0,1.0,1.0,1.0,1.8
44,balance-scale,TabICLv2,8,OK,1.0,1.0,1.0,1.0,1.0,1.0,1.6
44,balance-scale,TabICLv2,9,OK,0.9838709677419355,1.0,0.9444444444444445,0.9885057471264368,0.9638490164805954,0.9725376779825632,2.0
44,bank,TabICLv2,0,OK,0.909,0.9311032196969696,0.7993793355239138,0.725189393939394,0.7548167726882051,0.5192958737544855,2.7
44,bank,TabICLv2,1,OK,0.91,0.9411837121212122,0.7887014375668291,0.7761363636363636,0.7822109939890234,0.5646980260149485,2.1
44,bank,TabICLv2,2,OK,0.91,0.9340435606060606,0.8048970679975047,0.7221590909090909,0.7543560854185772,0.5205214902275329,2.5
44,bank,TabICLv2,3,OK,0.903,0.9351325757575758,0.7827449383137786,0.7037878787878789,0.7340943170198826,0.4800832895112037,2.0
44,bank,TabICLv2,4,OK,0.914,0.9494636090974906,0.8059659490643027,0.7657838076702489,0.7838240025740026,0.5703360236202929,2.3
44,bank,TabICLv2,5,OK,0.914,0.9366015099803496,0.7965714285714286,0.8049812427721208,0.8006878586459754,0.6014938831157556,2.6
44,bank,TabICLv2,6,OK,0.904,0.9293665792269578,0.7803899146851423,0.7351517031938999,0.7548518896833503,0.5135529807005446,2.1
44,bank,TabICLv2,7,OK,0.904,0.9354027397775458,0.7932490045166101,0.695954268092028,0.730938687653449,0.4794304706577092,2.0
44,bank,TabICLv2,8,OK,0.9,0.916965183952463,0.7820041081113032,0.6794253424721932,0.7145825484353415,0.44988302335801017,2.8
44,bank,TabICLv2,9,OK,0.906,0.9300341296928327,0.7925369188352154,0.7184723436662623,0.7478107829670331,0.5056133948654316,1.8
44,blood,TabICLv2,0,OK,0.8133333333333334,0.7694931773879143,0.8224637681159421,0.6301169590643274,0.6527777777777778,0.4096730643606964,1.9
44,blood,TabICLv2,1,OK,0.76,0.6140350877192983,0.6413043478260869,0.5570175438596491,0.5535714285714286,0.17951965741648493,1.7
44,blood,TabICLv2,2,OK,0.7866666666666666,0.7743664717348928,0.7318840579710144,0.5935672514619883,0.6031746031746031,0.29459636088859065,1.7
44,blood,TabICLv2,3,OK,0.76,0.74317738791423,0.6598360655737705,0.6330409356725146,0.642478813559322,0.2916486908466954,1.6
44,blood,TabICLv2,4,OK,0.8133333333333334,0.8425925925925927,0.753968253968254,0.6871345029239766,0.7083333333333333,0.4360101969670868,1.8
44,blood,TabICLv2,5,OK,0.76,0.736842105263158,0.6413043478260869,0.5570175438596491,0.5535714285714286,0.17951965741648493,1.8
44,blood,TabICLv2,6,OK,0.8133333333333334,0.8006822612085771,0.7447033898305084,0.7251461988304093,0.7337728194726166,0.4694423843721605,1.7
44,blood,TabICLv2,7,OK,0.7733333333333333,0.7422027290448344,0.6792929292929293,0.6038011695906433,0.6160794941282746,0.27284292741384053,1.8
44,blood,TabICLv2,8,OK,0.8243243243243243,0.7889576883384933,0.8284313725490196,0.6382868937048504,0.6653913043478261,0.426228831990631,1.7
44,blood,TabICLv2,9,OK,0.8378378378378378,0.7977296181630547,0.7922077922077921,0.7089783281733746,0.7357142857142858,0.4942270567049815,1.7
44,car,TabICLv2,0,OK,0.9942196531791907,1.0,0.99375,0.9979338842975207,0.9957980986396344,0.9875198273466141,1.8
44,car,TabICLv2,1,OK,0.9942196531791907,1.0,0.99375,0.9979338842975207,0.9957980986396344,0.9875198273466141,1.8
44,car,TabICLv2,2,OK,1.0,1.0,1.0,1.0,1.0,1.0,1.8
44,car,TabICLv2,3,OK,0.9942196531791907,1.0,0.9642857142857143,0.9935897435897436,0.9775224775224776,0.9874607602464589,1.8
44,car,TabICLv2,4,OK,0.9884393063583815,1.0,0.9875,0.9958677685950413,0.9915064102564103,0.9754760122914541,1.8
44,car,TabICLv2,5,OK,0.9942196531791907,0.9999115340622518,0.9935897435897436,0.9979338842975207,0.9957159023549065,0.9875788336733873,1.9
44,car,TabICLv2,6,OK,1.0,1.0,1.0,1.0,1.0,1.0,1.8
44,car,TabICLv2,7,OK,1.0,1.0,1.0,1.0,1.0,1.0,1.8
44,car,TabICLv2,8,OK,0.9941860465116279,0.9996329806714451,0.9935897435897436,0.9979338842975207,0.9957159023549065,0.9873478038914031,1.1
44,car,TabICLv2,9,OK,1.0,1.0,1.0,1.0,1.0,1.0,1.8
44,credit-g,TabICLv2,0,OK,0.79,0.8452380952380953,0.7501214181641573,0.7452380952380953,0.7475658131987017,0.49533544257938605,1.9
44,credit-g,TabICLv2,1,OK,0.76,0.8590476190476191,0.71875,0.6666666666666667,0.6799999999999999,0.3818813079129867,2.0
44,credit-g,TabICLv2,2,OK,0.79,0.8214285714285714,0.7696556205328136,0.6976190476190476,0.7161778618732261,0.46168858298562204,1.5
44,credit-g,TabICLv2,3,OK,0.81,0.8257142857142858,0.792344786015672,0.730952380952381,0.7499671009343334,0.5196834589991635,2.0
44,credit-g,TabICLv2,4,OK,0.76,0.7866666666666667,0.71875,0.6666666666666667,0.6799999999999999,0.3818813079129867,2.0
44,credit-g,TabICLv2,5,OK,0.73,0.8047619047619047,0.6721897335932423,0.6261904761904762,0.6350858224084336,0.29481319154503577,1.8
44,credit-g,TabICLv2,6,OK,0.79,0.8547619047619048,0.7533333333333334,0.7261904761904762,0.7366771159874608,0.4787549991450212,2.0
44,credit-g,TabICLv2,7,OK,0.71,0.7538095238095238,0.6466666666666667,0.6309523809523809,0.6363636363636364,0.27717394687343333,1.9
44,credit-g,TabICLv2,8,OK,0.77,0.7309523809523809,0.7371669915529564,0.6738095238095239,0.6891471820516286,0.40606345250542664,1.7
44,credit-g,TabICLv2,9,OK,0.75,0.7357142857142858,0.7019288728149488,0.6595238095238095,0.6710093433346493,0.35895661600973144,1.8
44,diabetes,TabICLv2,0,OK,0.7532467532467533,0.8948148148148148,0.7520491803278688,0.6822222222222223,0.6934841818562749,0.4286208662612397,1.8
44,diabetes,TabICLv2,1,OK,0.7532467532467533,0.8414814814814815,0.7424670433145009,0.6907407407407408,0.7017329255861366,0.43010856046828544,1.7
44,diabetes,TabICLv2,2,OK,0.6883116883116883,0.7992592592592592,0.6517857142857142,0.6322222222222222,0.6367924528301887,0.2833333333333333,1.9
44,diabetes,TabICLv2,3,OK,0.7922077922077922,0.8355555555555555,0.7912885662431942,0.7377777777777779,0.7520128824476651,0.5263532956993116,1.8
44,diabetes,TabICLv2,4,OK,0.7402597402597403,0.8103703703703703,0.7142307692307692,0.7062962962962962,0.7096530920060332,0.4204522053456932,1.8
44,diabetes,TabICLv2,5,OK,0.7792207792207793,0.8274074074074075,0.7579185520361991,0.7533333333333333,0.7554642256678498,0.5112313234371975,1.8
44,diabetes,TabICLv2,6,OK,0.7792207792207793,0.8548148148148148,0.7598270440251573,0.7448148148148148,0.7508090614886731,0.5044185153893525,1.5
44,diabetes,TabICLv2,7,OK,0.7012987012987013,0.8222222222222222,0.6690251572327044,0.6592592592592592,0.6628593184846754,0.32813912498853487,1.6
44,diabetes,TabICLv2,8,OK,0.8026315789473685,0.8769230769230769,0.8100697906281156,0.7392307692307691,0.7567740558992959,0.5447136294501458,1.8
44,diabetes,TabICLv2,9,OK,0.75,0.8823076923076923,0.728673835125448,0.7453846153846153,0.7333333333333334,0.47376382757987345,1.1
44,kr-vs-kp,TabICLv2,0,OK,0.99375,1.0,0.9940828402366864,0.9934640522875817,0.993734335839599,0.9875466986607835,1.9
44,kr-vs-kp,TabICLv2,1,OK,1.0,1.0,1.0,1.0,1.0,1.0,2.0
44,kr-vs-kp,TabICLv2,2,OK,0.990625,0.9994129388282259,0.9907581453634086,0.9904700403115339,0.9906043552728163,0.9812281433787039,1.9
44,kr-vs-kp,TabICLv2,3,OK,0.996875,1.0,0.9970238095238095,0.9967320261437909,0.996868118424272,0.9937557928313525,2.0
44,kr-vs-kp,TabICLv2,4,OK,0.996875,1.0,0.9970238095238095,0.9967320261437909,0.996868118424272,0.9937557928313525,2.0
44,kr-vs-kp,TabICLv2,5,OK,0.996875,1.0,0.9967532467532467,0.9970059880239521,0.9968698340033845,0.9937592026375474,2.0
44,kr-vs-kp,TabICLv2,6,OK,1.0,1.0,1.0,1.0,1.0,1.0,2.0
44,kr-vs-kp,TabICLv2,7,OK,0.9968652037617555,0.9997242357390482,0.9970238095238095,0.9967105263157895,0.9968572976700655,0.9937342864569987,1.7
44,kr-vs-kp,TabICLv2,8,OK,0.9968652037617555,0.9999606051055783,0.9970238095238095,0.9967105263157895,0.9968572976700655,0.9937342864569987,2.2
44,kr-vs-kp,TabICLv2,9,OK,0.9937304075235109,0.9999212536420191,0.9937199779510197,0.9937199779510197,0.9937199779510197,0.9874399559020395,2.1
44,magic,TabICLv2,0,OK,0.895,0.9482833550630161,0.8962071165828391,0.8707039978226419,0.8811839510070509,0.766486952486577,2.1
44,magic,TabICLv2,1,OK,0.897,0.9452916825798181,0.8944852941176471,0.8768234276708853,0.8844979417084661,0.77110647953488,1.3
44,magic,TabICLv2,2,OK,0.893,0.9416547043665688,0.8938611966068613,0.8685090803734872,0.8789207881690899,0.7619486265002272,2.5
44,magic,TabICLv2,3,OK,0.901,0.9465252261862431,0.9072783418421002,0.8740183231708656,0.88708928728249,0.7805883998102787,1.6
44,magic,TabICLv2,4,OK,0.916,0.9569971773361604,0.9166632142479021,0.8973481007379311,0.9057344854673999,0.8137821252123092,2.1
44,magic,TabICLv2,5,OK,0.903,0.9544203442508528,0.9048387096774193,0.880137753019109,0.890405263258986,0.7845877323331779,2.0
44,magic,TabICLv2,6,OK,0.908,0.9517052313662484,0.9095618771246936,0.886606174741768,0.8962917538417141,0.7958370452177651,1.6
44,magic,TabICLv2,7,OK,0.897,0.950836044056383,0.8951151810251019,0.8761693422710372,0.8843267197416106,0.7710517953225046,2.6
44,magic,TabICLv2,8,OK,0.9,0.9595626373626374,0.9001751639833036,0.8775824175824176,0.8871020913208604,0.7774293688130289,1.2
44,magic,TabICLv2,9,OK,0.897,0.941243956043956,0.8963382023987239,0.8746153846153846,0.8838037027134655,0.7706474891397963,1.6
44,mfeat-factors,TabICLv2,0,OK,0.995,1.0,0.9952380952380953,0.9949999999999999,0.9949968730456537,0.9944720690522652,3.1
44,mfeat-factors,TabICLv2,1,OK,0.99,0.9999444444444444,0.9904761904761905,0.99,0.9899937460913071,0.9889438317391072,2.4
44,mfeat-factors,TabICLv2,2,OK,0.995,1.0,0.9952380952380953,0.9949999999999999,0.9949968730456537,0.9944720690522652,2.9
44,mfeat-factors,TabICLv2,3,OK,0.99,0.9993611111111111,0.9904761904761905,0.99,0.9899937460913071,0.9889438317391072,3.1
44,mfeat-factors,TabICLv2,4,OK,0.975,0.9999722222222222,0.9761904761904763,0.975,0.974849412461736,0.9723842997797743,2.1
44,mfeat-factors,TabICLv2,5,OK,0.99,0.9999166666666668,0.990909090909091,0.99,0.9901098901098901,0.9889713065986531,3.1
44,mfeat-factors,TabICLv2,6,OK,0.995,1.0,0.9952380952380953,0.9949999999999999,0.9949968730456534,0.9944720690522652,2.9
44,mfeat-factors,TabICLv2,7,OK,0.975,0.9997499999999999,0.9752380952380951,0.975,0.9749968730456535,0.972249229520371,2.8
44,mfeat-factors,TabICLv2,8,OK,0.99,0.9998055555555556,0.9902380952380951,0.99,0.9899968730456535,0.9889163591692915,3.1
44,mfeat-factors,TabICLv2,9,OK,0.99,0.9999166666666668,0.9904761904761905,0.99,0.9899937460913071,0.9889438317391072,2.5
44,optdigits,TabICLv2,0,OK,0.994661921708185,0.9999893556833357,0.9949152542372882,0.9946103896103896,0.9947019282198022,0.9940824868391315,1.8
44,optdigits,TabICLv2,1,OK,0.994661921708185,0.9999894107313378,0.9947011886418666,0.9946417179311917,0.9946564472891908,0.99407199450822,2.4
44,optdigits,TabICLv2,2,OK,0.994661921708185,0.9999965259683863,0.9947055137844611,0.9947055137844611,0.9946739007288612,0.9940757210100826,2.0
44,optdigits,TabICLv2,3,OK,0.998220640569395,0.9999894127611519,0.9982758620689655,0.9982142857142857,0.9982295338817078,0.9980263991353522,1.7
44,optdigits,TabICLv2,4,OK,0.99644128113879,0.9999894657793403,0.9966101694915255,0.9964274322169059,0.9964734751240926,0.9960562747584059,1.7
44,optdigits,TabICLv2,5,OK,0.99644128113879,0.9999892986055192,0.9964901477832513,0.9964598997493734,0.9964436772285945,0.9960528121136876,2.8
44,optdigits,TabICLv2,6,OK,0.994661921708185,0.9999894678091543,0.9947973381730186,0.9946741854636592,0.9946739007288612,0.9940827362094237,2.4
44,optdigits,TabICLv2,7,OK,0.99644128113879,0.9999324317571349,0.9965214761040532,0.9963961038961038,0.9964271469368349,0.9960527983199167,1.8
44,optdigits,TabICLv2,8,OK,0.99644128113879,0.9999894678091543,0.9965214761040532,0.9964598997493734,0.996459622377283,0.9960528260183082,2.1
44,optdigits,TabICLv2,9,OK,0.994661921708185,0.9999964709203839,0.994736842105263,0.9947368421052631,0.9946744627054361,0.9940827777937014,2.0
44,page-blocks,TabICLv2,0,OK,0.9762773722627737,0.9974781259549272,0.9525252525252526,0.8847730352303522,0.9144636569104655,0.8721259431699536,1.3
44,page-blocks,TabICLv2,1,OK,0.9744525547445255,0.99513716812956,0.843743691431097,0.9066469172375486,0.8693650143578197,0.8677012051900079,2.1
44,page-blocks,TabICLv2,2,OK,0.9708029197080292,0.994691247353142,0.820103221625625,0.8734113024337058,0.8404653594877628,0.8487339600507012,1.3
44,page-blocks,TabICLv2,3,OK,0.9652650822669104,0.9923366824947999,0.7929803186504218,0.8516776728589356,0.820079591351865,0.8270094922194984,1.7
44,page-blocks,TabICLv2,4,OK,0.9725776965265083,0.9898299528238106,0.8592350631824317,0.854121664712296,0.8497601260405554,0.8523228216409051,1.8
44,page-blocks,TabICLv2,5,OK,0.9835466179159049,0.9946167884149807,0.9191394776534096,0.8492830545783703,0.8792070450344497,0.9115672388425201,2.0
44,page-blocks,TabICLv2,6,OK,0.9780621572212066,0.9982308659500878,0.9199139167862267,0.8908926330514925,0.9044052075211282,0.883527010182857,1.2
44,page-blocks,TabICLv2,7,OK,0.9835466179159049,0.9973748636568647,0.9327231832494991,0.9203974572610012,0.9227056643300298,0.9117274488427309,1.3
44,page-blocks,TabICLv2,8,OK,0.9780621572212066,0.992316923461544,0.8584477929102675,0.877919438285292,0.8555255300089579,0.8815852841167956,1.9
44,page-blocks,TabICLv2,9,OK,0.9707495429616088,0.9971353336781819,0.8452328159645234,0.88689948263119,0.8585661492978567,0.843309641869106,1.3
44,pendigits,TabICLv2,0,OK,0.996,0.9991657513637391,0.9959935897435898,0.9959242003700768,0.9959429941982998,0.9955579560897866,2.3
44,pendigits,TabICLv2,1,OK,0.997,0.9999828068702525,0.9969658670367434,0.9969658670367434,0.9969612219234026,0.9966671556468318,1.6
44,pendigits,TabICLv2,2,OK,0.998,0.9999988368711834,0.9979166666666668,0.9979967948717949,0.9979462275842881,0.9977796349127217,1.5
44,pendigits,TabICLv2,3,OK,0.999,0.9999904229848363,0.999056603773585,0.9990476190476191,0.9990475974511893,0.9988897890605382,1.9
44,pendigits,TabICLv2,4,OK,0.997,0.9999967805631869,0.9971426843596655,0.9970242914979757,0.9970738666731108,0.9966682744592317,1.8
44,pendigits,TabICLv2,5,OK,0.999,1.0,0.9989583333333334,0.9989690721649485,0.99895830507555,0.9988898112685324,1.3
44,pendigits,TabICLv2,6,OK,0.998,1.0,0.9979591836734694,0.998076923076923,0.9979981983785408,0.9977818476896498,1.8
44,pendigits,TabICLv2,7,OK,0.998,0.999992171418644,0.9980059523809525,0.9979967948717949,0.9979913188941907,0.9977795929259858,1.8
44,pendigits,TabICLv2,8,OK,0.999,1.0,0.9989690721649485,0.9990291262135923,0.9989940604069254,0.9988898051213227,1.6
44,pendigits,TabICLv2,9,OK,0.997,0.9992768450349011,0.9970643102601866,0.9969551282051281,0.9969846034570488,0.9966715751029495,1.7
44,phoneme,TabICLv2,0,OK,0.9186691312384473,0.9747028219566005,0.9031731024416136,0.9001860449800784,0.9016591202035893,0.8033535941500661,1.9
44,phoneme,TabICLv2,1,OK,0.933456561922366,0.9814613586222793,0.927039104232297,0.9106572491685601,0.9183026276049532,0.8375361576229198,1.6
44,phoneme,TabICLv2,2,OK,0.9463955637707948,0.9825973854917844,0.9347522965879265,0.9363413349138925,0.9355415226974859,0.8710921821484943,1.2
44,phoneme,TabICLv2,3,OK,0.9242144177449169,0.9794444993249696,0.9033137783415253,0.9187987750666798,0.9104655340138939,0.8219667057416504,1.8
44,phoneme,TabICLv2,4,OK,0.9222222222222223,0.9783120153754392,0.9085189421976987,0.9023460799257738,0.9053485576923077,0.8108415257463515,1.3
44,phoneme,TabICLv2,5,OK,0.9314814814814815,0.9771356617403405,0.9205806353549172,0.912601895420505,0.9164572522882266,0.8331443268116253,1.8
44,phoneme,TabICLv2,6,OK,0.9351851851851852,0.9801593876333753,0.9210865151290051,0.9226423222214859,0.9218591728648743,0.8437274029217625,1.8
44,phoneme,TabICLv2,7,OK,0.9277777777777778,0.9810292265889058,0.9110359068486864,0.9155510636887798,0.9132472946420112,0.8265746386267944,1.8
44,phoneme,TabICLv2,8,OK,0.9074074074074074,0.9724244375113488,0.8885752488486109,0.8885752488486109,0.8885752488486109,0.7771504976972218,2.0
44,phoneme,TabICLv2,9,OK,0.9259259259259259,0.9786312088347446,0.9147286821705426,0.9053632446887536,0.9098557692307692,0.8200384485379743,1.6
44,satimage,TabICLv2,0,OK,0.9502332814930016,0.9965326429600805,0.9479413079642928,0.9353983437868648,0.9402915331594706,0.9386858152318477,2.0
44,satimage,TabICLv2,1,OK,0.9486780715396579,0.9969877430096035,0.9448159716282248,0.9342005676442763,0.9385489908687447,0.9367520988626896,2.3
44,satimage,TabICLv2,2,OK,0.9331259720062208,0.995399495544291,0.9254217392942716,0.9183970634523915,0.9215982806841704,0.917420413105735,2.1
44,satimage,TabICLv2,3,OK,0.9517884914463453,0.9958287782008283,0.9517773822855009,0.9343086637595502,0.941292526726555,0.9406611889877032,2.0
44,satimage,TabICLv2,4,OK,0.9393468118195957,0.9963234959763985,0.9288695022640084,0.9230157696299623,0.9242603706027199,0.9254490049201258,2.3
44,satimage,TabICLv2,5,OK,0.9362363919129082,0.995293901687003,0.9332768631000327,0.9238741133495761,0.92813064774261,0.9213865381244202,1.6
44,satimage,TabICLv2,6,OK,0.9393468118195957,0.9955268501107545,0.9357407376062352,0.9198133965221277,0.9257236682381599,0.9253727695232351,1.7
44,satimage,TabICLv2,7,OK,0.9502332814930016,0.9974003713951237,0.9442100910391016,0.9331430083770598,0.9379663696546524,0.9386227421765229,2.1
44,satimage,TabICLv2,8,OK,0.9346811819595645,0.9952239075692247,0.9308370757182617,0.9178592360261787,0.9235343068584229,0.9194375146072764,1.7
44,satimage,TabICLv2,9,OK,0.9440124416796267,0.9959852721182396,0.9356136894980484,0.9303923881387756,0.9325215913825521,0.9310058921908138,1.8
44,segment,TabICLv2,0,OK,0.9956709956709957,0.9999562726835453,0.9957983193277311,0.9956709956709957,0.9956700016401508,0.9949712488986399,2.0
44,segment,TabICLv2,1,OK,1.0,1.0,1.0,1.0,1.0,1.0,1.8
44,segment,TabICLv2,2,OK,0.987012987012987,0.999475272202545,0.9876350540216087,0.987012987012987,0.9870040352535963,0.9849561644592252,1.9
44,segment,TabICLv2,3,OK,0.9913419913419913,0.9997157724430451,0.9913419913419913,0.9913419913419913,0.9913419913419913,0.98989898989899,1.7
44,segment,TabICLv2,4,OK,0.987012987012987,0.999846954392409,0.9870050292844411,0.987012987012987,0.9869453929155422,0.9848700179453542,1.8
44,segment,TabICLv2,5,OK,0.9783549783549783,0.9996501814683632,0.9788178027809363,0.9783549783549784,0.9783390628978864,0.9748327321144485,2.0
44,segment,TabICLv2,6,OK,0.9913419913419913,1.0,0.9915966386554622,0.9913419913419913,0.9913400032803017,0.9899422783647326,1.4
44,segment,TabICLv2,7,OK,0.987012987012987,0.9998250907341816,0.9873724489795919,0.987012987012987,0.9870071105365223,0.984913088376702,1.3
44,segment,TabICLv2,8,OK,0.987012987012987,0.9998250907341816,0.9873949579831933,0.987012987012987,0.9870069296375267,0.984913088376702,1.8
44,segment,TabICLv2,9,OK,1.0,1.0,1.0,1.0,1.0,1.0,1.8
44,spambase,TabICLv2,0,OK,0.9696312364425163,0.9936783646461066,0.9710925039872409,0.9653590137461106,0.9680355798565712,0.9364339657203555,2.8
44,spambase,TabICLv2,1,OK,0.9695652173913043,0.9964553753539674,0.9681181805580308,0.9681181805580308,0.9681181805580308,0.9362363611160617,2.3
44,spambase,TabICLv2,2,OK,0.9717391304347827,0.9950098021743004,0.969977863862756,0.9708806114972574,0.9704240050249516,0.9408580422696493,2.5
44,spambase,TabICLv2,3,OK,0.9565217391304348,0.9912671538050258,0.953699867826636,0.9554248598982158,0.9545418610166811,0.9091230912055522,1.9
44,spambase,TabICLv2,4,OK,0.9652173913043478,0.9885542287966098,0.9635636349234638,0.9635636349234638,0.9635636349234638,0.9271272698469276,2.2
44,spambase,TabICLv2,5,OK,0.9586956521739131,0.9914453751559437,0.9538986354775829,0.9610982395691003,0.9570893415619677,0.9149685497579253,1.9
44,spambase,TabICLv2,6,OK,0.9739130434782609,0.994871185568031,0.9735780035388377,0.9717024099487119,0.9726190476190476,0.9452785527408719,2.1
44,spambase,TabICLv2,7,OK,0.9804347826086957,0.9963563634923464,0.9782608695652173,0.9809600190102774,0.9795631247686043,0.9592170910027799,2.4
44,spambase,TabICLv2,8,OK,0.9565217391304348,0.9869554905526129,0.9538043478260869,0.9554905526128548,0.9546270541121699,0.9092933369808018,1.8
44,spambase,TabICLv2,9,OK,0.9630434782608696,0.992884813028698,0.9609694028525774,0.9618349276622657,0.961397013451808,0.9228039246144069,2.6
44,tic-tac-toe,TabICLv2,0,OK,0.9895833333333334,1.0,0.9920634920634921,0.9852941176470589,0.9885373134328358,0.977334166408364,1.7
44,tic-tac-toe,TabICLv2,1,OK,1.0,1.0,1.0,1.0,1.0,1.0,1.6
44,tic-tac-toe,TabICLv2,2,OK,1.0,1.0,1.0,1.0,1.0,1.0,1.7
44,tic-tac-toe,TabICLv2,3,OK,0.9895833333333334,0.9990379990379991,0.9921875,0.9848484848484849,0.9883706844336766,0.9770084209183943,1.6
44,tic-tac-toe,TabICLv2,4,OK,0.9479166666666666,0.9995189995189996,0.9632352941176471,0.9242424242424243,0.9399324239769742,0.886620694933573,1.6
44,tic-tac-toe,TabICLv2,5,OK,0.9895833333333334,1.0,0.9921875,0.9848484848484849,0.9883706844336766,0.9770084209183943,1.8
44,tic-tac-toe,TabICLv2,6,OK,1.0,1.0,1.0,1.0,1.0,1.0,1.4
44,tic-tac-toe,TabICLv2,7,OK,0.96875,0.9956709956709956,0.9772727272727273,0.9545454545454546,0.964562569213732,0.9315409787235999,1.6
44,tic-tac-toe,TabICLv2,8,OK,1.0,1.0,1.0,1.0,1.0,1.0,1.7
44,tic-tac-toe,TabICLv2,9,OK,0.9894736842105263,0.9995112414467253,0.9920634920634921,0.9848484848484849,0.9883076923076923,0.9768853332428297,1.8
44,vehicle,TabICLv2,0,OK,0.9176470588235294,0.98241341991342,0.9188311688311689,0.9188311688311689,0.9186046511627908,0.8903249630723782,1.8
44,vehicle,TabICLv2,1,OK,0.8705882352941177,0.9807731331168831,0.8704545454545455,0.8728354978354979,0.8704318936877076,0.8282865583456426,1.5
44,vehicle,TabICLv2,2,OK,0.8705882352941177,0.9809422348484849,0.8722943722943723,0.8722943722943723,0.872093023255814,0.8275480059084195,1.9
44,vehicle,TabICLv2,3,OK,0.9411764705882353,0.9924918831168832,0.942391304347826,0.9415584415584416,0.9417344173441734,0.9216845844998045,1.8
44,vehicle,TabICLv2,4,OK,0.9058823529411765,0.989200036075036,0.9128959276018099,0.9058441558441559,0.9057017543859649,0.876951909542042,1.5
44,vehicle,TabICLv2,5,OK,0.8352941176470589,0.9636882215007214,0.8405797101449275,0.8359848484848484,0.838034188034188,0.780343737063505,1.9
44,vehicle,TabICLv2,6,OK,0.8928571428571429,0.9797808012093726,0.8955627705627706,0.8922619047619047,0.8936451145753472,0.8572239644884312,1.8
44,vehicle,TabICLv2,7,OK,0.9166666666666666,0.9904991322042014,0.9204545454545455,0.9170369104579631,0.9184546597337295,0.8888890322062738,1.6
44,vehicle,TabICLv2,8,OK,0.8928571428571429,0.9756148549351313,0.9089285714285715,0.8933982683982684,0.8922493224932249,0.8630230650632602,1.9
44,vehicle,TabICLv2,9,OK,0.9285714285714286,0.9862267895101996,0.9301948051948052,0.9301948051948052,0.9301948051948052,0.9047258979206049,1.7
44,wdbc,TabICLv2,0,OK,0.9649122807017544,0.996031746031746,0.9736842105263157,0.9523809523809523,0.9614864864864865,0.9258200997725514,1.9
44,wdbc,TabICLv2,1,OK,1.0,1.0,1.0,1.0,1.0,1.0,1.8
44,wdbc,TabICLv2,2,OK,1.0,1.0,1.0,1.0,1.0,1.0,1.8
44,wdbc,TabICLv2,3,OK,0.9473684210526315,0.9682539682539683,0.9615384615384616,0.9285714285714286,0.9415384615384615,0.8894991799933214,1.7
44,wdbc,TabICLv2,4,OK,0.9824561403508771,1.0,0.9772727272727273,0.9861111111111112,0.981329839502129,0.9633432944855655,1.9
44,wdbc,TabICLv2,5,OK,0.9649122807017544,0.9986772486772486,0.9565217391304348,0.9722222222222222,0.9629870129870131,0.9286112429750731,2.0
44,wdbc,TabICLv2,6,OK,0.9824561403508771,0.9986772486772486,0.9864864864864865,0.9761904761904762,0.9809555629802873,0.962621902223779,2.1
44,wdbc,TabICLv2,7,OK,1.0,1.0,1.0,1.0,1.0,1.0,2.1
44,wdbc,TabICLv2,8,OK,0.9824561403508771,0.9948051948051948,0.9861111111111112,0.9772727272727273,0.981329839502129,0.9633432944855655,1.9
44,wdbc,TabICLv2,9,OK,0.9821428571428571,1.0,0.9772727272727273,0.9857142857142858,0.9811257162116616,0.9629500128629354,1.9
44,wine-quality,TabICLv2,0,OK,0.746938775510204,nan,0.6474738269769326,0.4963298035417294,0.5393851069838285,0.61456761379477,0.7
44,wine-quality,TabICLv2,1,OK,0.6795918367346939,nan,0.6345329309307971,0.4294452041228834,0.47638146127014824,0.5077288575890541,1.3
44,wine-quality,TabICLv2,2,OK,0.7224489795918367,nan,0.6518532358227015,0.5007462215119416,0.5478412688455877,0.5770005865878752,1.3
44,wine-quality,TabICLv2,3,OK,0.6959183673469388,0.9258851004614999,0.6414975649350649,0.4706977409563617,0.5172835497835498,0.5350258737305368,1.1
44,wine-quality,TabICLv2,4,OK,0.7551020408163265,0.9126601988413097,0.5678496690371413,0.41364569338707274,0.45512853000657877,0.6271632526517565,1.1
44,wine-quality,TabICLv2,5,OK,0.7387755102040816,0.929229287720475,0.5443371579400991,0.400535020982241,0.43353220006538085,0.6003538392135085,2.0
44,wine-quality,TabICLv2,6,OK,0.6938775510204082,0.9247354303279922,0.5147078092998103,0.38596989231558126,0.4207540477127441,0.5317212005799815,1.0
44,wine-quality,TabICLv2,7,OK,0.710204081632653,0.9360456379329836,0.6222754429854476,0.4725118254026392,0.5083810349080743,0.5595919156534764,1.1
44,wine-quality,TabICLv2,8,OK,0.689161554192229,nan,0.6208488936574871,0.4351415036749444,0.48210441967403633,0.5206964190888413,1.8
44,wine-quality,TabICLv2,9,OK,0.7402862985685071,nan,0.6649527089825598,0.5120413950137964,0.5622016683846063,0.6036702617571735,0.5
