Seed,Dataset,Algorithm,CV index,Status,Accuracy,AUC_ROC,Precision,Recall,F1_macro,MCC,bp_source,wall_s
42,balance-scale,CBM_KE,0,OK,0.9206349206349206,0.9527383367139959,0.8218390804597702,0.8873563218390804,0.8421188007394904,0.8687060726119535,v26 main_pc0,6.9
42,balance-scale,CBM_KE,1,OK,0.9523809523809523,0.9981744421906692,0.9103448275862069,0.9103448275862069,0.9103448275862069,0.916445623342175,v26 main_pc0,18.0
42,balance-scale,CBM_KE,2,OK,0.9682539682539683,0.9969574036511156,0.9047619047619048,0.9770114942528735,0.9325396825396827,0.9472669881727528,v26 main_pc0,14.2
42,balance-scale,CBM_KE,3,OK,0.9841269841269841,0.9947261663286003,0.9444444444444445,0.9885057471264368,0.9638490164805954,0.9729158085985287,v26 main_pc0,8.4
42,balance-scale,CBM_KE,4,OK,0.873015873015873,0.9755916159567275,0.7530864197530863,0.7977011494252872,0.7619047619047619,0.7907884048267084,v26 main_pc0,7.1
42,balance-scale,CBM_KE,5,OK,0.9193548387096774,0.9883315917798677,0.8148148148148149,0.9425287356321839,0.8417082917082918,0.871747748690001,v26 main_pc0,6.7
42,balance-scale,CBM_KE,6,OK,0.9354838709677419,0.9439000029423857,0.882183908045977,0.8432676518883415,0.8598507763662028,0.8862293193420129,v26 main_pc0,16.0
42,balance-scale,CBM_KE,7,OK,0.9838709677419355,1.0,0.9888888888888889,0.9333333333333332,0.9573132454488387,0.9719410039857248,v26 main_pc0,7.8
42,balance-scale,CBM_KE,8,OK,0.9838709677419355,1.0,0.9444444444444445,0.9880952380952381,0.9636363636363637,0.972520851765122,v26 main_pc0,6.1
42,balance-scale,CBM_KE,9,OK,0.9516129032258065,0.9900713120313847,0.8773946360153256,0.9103448275862069,0.8913381939697729,0.9174639868392079,v26 main_pc0,10.6
42,bank,CBM_KE,0,OK,0.891,0.8819886363636364,0.74214107591475,0.7473484848484848,0.7447013825942556,0.48946186060650476,v25(p_c=0),360.1
42,bank,CBM_KE,1,OK,0.891,0.706941287878788,0.7420105491777846,0.74375,0.7428754078019622,0.48575743478442,v26 main_pc0,166.0
42,bank,CBM_KE,2,OK,0.893,0.8346401515151515,0.7466639323152644,0.7448863636363636,0.7457701619705426,0.49154708187489515,v25(p_c=0),48.5
42,bank,CBM_KE,3,OK,0.898,0.8484659090909092,0.7594484167517875,0.740530303030303,0.7494473102431836,0.4996206813255024,v25(p_c=0),424.4
42,bank,CBM_KE,4,OK,0.879,0.7068607264077322,0.4395,0.5,0.46780202235231505,0.0,v25(p_c=0),32.1
42,bank,CBM_KE,5,OK,0.883,0.8674207166295285,0.7274395918789425,0.7481501330399872,0.7370638799932581,0.4751385691914306,v25(p_c=0),399.2
42,bank,CBM_KE,6,OK,0.879,0.8299250651096757,0.6910282258064516,0.5142536127643171,0.49867210255262906,0.1043617239738724,v25(p_c=0),30.5
42,bank,CBM_KE,7,OK,0.896,0.7876907454940344,0.7569566374035648,0.7270376742917853,0.7405992158114755,0.4830686797959186,v25(p_c=0),579.6
42,bank,CBM_KE,8,OK,0.878,0.8118635940540997,0.6828356548440212,0.5386286068879925,0.5435225095785441,0.16807958396043687,v25(p_c=0),53.2
42,bank,CBM_KE,9,OK,0.878,0.798766441956017,0.7196208913087316,0.755996201543828,0.735497914336013,0.47422405655852257,v26 main_pc0,586.0
42,blood,CBM_KE,0,OK,0.76,0.6929824561403508,0.38,0.5,0.4318181818181818,0.0,v25(p_c=0),14.8
42,blood,CBM_KE,1,OK,0.7333333333333333,0.652046783625731,0.6255296610169492,0.6154970760233918,0.6196754563894523,0.24081784652857585,v26 main_pc0,25.1
42,blood,CBM_KE,2,OK,0.7333333333333333,0.5813840155945419,0.6051587301587301,0.577485380116959,0.5833333333333334,0.1805354721816844,v26 main_pc0,13.7
42,blood,CBM_KE,3,OK,0.76,0.6910331384015596,0.38,0.5,0.4318181818181818,0.0,v25(p_c=0),11.6
42,blood,CBM_KE,4,OK,0.76,0.6574074074074074,0.38,0.5,0.4318181818181818,0.0,v25(p_c=0),9.5
42,blood,CBM_KE,5,OK,0.72,0.7305068226120858,0.65,0.682748538011696,0.6576831123668767,0.33113308926626095,v26 main_pc0,17.6
42,blood,CBM_KE,6,OK,0.7733333333333333,0.5916179337231969,0.8851351351351351,0.5277777777777778,0.4877460827641623,0.20686418924693753,v25(p_c=0),10.8
42,blood,CBM_KE,7,OK,0.8133333333333334,0.7300194931773879,0.753968253968254,0.6871345029239766,0.7083333333333333,0.4360101969670868,v26 main_pc0,21.1
42,blood,CBM_KE,8,OK,0.7702702702702703,0.5025799793601652,0.38513513513513514,0.5,0.4351145038167939,0.0,v26 main_pc0,6.4
42,blood,CBM_KE,9,OK,0.7702702702702703,0.4179566563467493,0.38513513513513514,0.5,0.4351145038167939,0.0,v25(p_c=0),5.2
42,car,CBM_KE,0,OK,0.9190751445086706,0.9972934121509427,0.7793290043290043,0.9623860987497351,0.8466787388356016,0.8437606650485865,v25(p_c=0),65.4
42,car,CBM_KE,1,OK,0.9421965317919075,1.0,0.8236607142857143,0.9793388429752066,0.8721672817437436,0.8910115942468994,v25(p_c=0),96.8
42,car,CBM_KE,2,OK,0.9248554913294798,0.983098623788248,0.746031746031746,0.9058441558441559,0.8017526455026455,0.8556866328431204,v25(p_c=0),73.4
42,car,CBM_KE,3,OK,0.6705202312138728,0.9869720747638797,0.56875,0.843134138588684,0.5662649470077067,0.5542238411499462,v26 main_pc0,12.9
42,car,CBM_KE,4,OK,0.9710982658959537,0.9991730735151788,0.8873397435897435,0.9896694214876033,0.9306946714243811,0.9412600474499714,v25(p_c=0),85.6
42,car,CBM_KE,5,OK,0.9826589595375722,1.0,0.9131944444444444,0.993801652892562,0.9489452580195259,0.9639117756269641,v25(p_c=0),80.1
42,car,CBM_KE,6,OK,0.9248554913294798,0.9867942686592885,0.7533419324577861,0.8721959858323495,0.7963971337116252,0.8540455839783033,v25(p_c=0),79.0
42,car,CBM_KE,7,OK,0.7052023121387283,0.9901026978770968,0.6008612262783564,0.8494997825141366,0.5875654621628699,0.5863529404714304,v26 main_pc0,16.5
42,car,CBM_KE,8,OK,0.9593023255813954,1.0,0.8833333333333334,0.9855371900826446,0.9203534613948948,0.9185615213311321,v25(p_c=0),89.0
42,car,CBM_KE,9,OK,0.7616279069767442,0.9689748584832516,0.605510752688172,0.8340582862113962,0.6339634358661976,0.59516586431475,v25(p_c=0),21.5
42,credit-g,CBM_KE,0,OK,0.74,0.5885714285714286,0.8645833333333333,0.5666666666666667,0.5393338058114813,0.31180478223116176,v26 main_pc0,7.6
42,credit-g,CBM_KE,1,OK,0.74,0.7642857142857142,0.6884920634920635,0.680952380952381,0.6843127731908694,0.36936750089587606,v26 main_pc0,10.4
42,credit-g,CBM_KE,2,OK,0.75,0.7585714285714286,0.705789235639982,0.7166666666666667,0.7103464256748928,0.42231584257281224,v25(p_c=0),14.3
42,credit-g,CBM_KE,3,OK,0.69,0.7066666666666667,0.6243023845763571,0.6166666666666667,0.6196785670469881,0.24084804227762924,v26 main_pc0,32.5
42,credit-g,CBM_KE,4,OK,0.77,0.8280952380952381,0.7338052338052339,0.7595238095238095,0.74189204354169,0.4926581977953447,v25(p_c=0),42.6
42,credit-g,CBM_KE,5,OK,0.65,0.7457142857142858,0.6051051051051051,0.6166666666666667,0.6072270227808326,0.22147019900891643,v25(p_c=0),42.4
42,credit-g,CBM_KE,6,OK,0.79,0.8152380952380953,0.7501168770453484,0.7547619047619047,0.7523292841136926,0.5048574135700973,v26 main_pc0,14.3
42,credit-g,CBM_KE,7,OK,0.65,0.7314285714285714,0.65406162464986,0.6833333333333333,0.6368917937545389,0.3361227822436775,v26 main_pc0,24.0
42,credit-g,CBM_KE,8,OK,0.78,0.7347619047619047,0.7380952380952381,0.7285714285714285,0.7328800388538126,0.4665694748158435,v26 main_pc0,19.3
42,credit-g,CBM_KE,9,OK,0.61,0.6376190476190476,0.6060424169667867,0.6261904761904762,0.5920075321686369,0.23135723972616762,v26 main_pc0,39.3
42,diabetes,CBM_KE,0,OK,0.6493506493506493,0.7407407407407407,0.6742424242424243,0.6874074074074075,0.6472085525199389,0.36141013260645766,v26 main_pc0,13.6
42,diabetes,CBM_KE,1,OK,0.6363636363636364,0.7496296296296296,0.6559507523939808,0.6688888888888889,0.6333333333333333,0.3245818805368264,v26 main_pc0,5.3
42,diabetes,CBM_KE,2,OK,0.7142857142857143,0.8185185185185185,0.6889367816091954,0.6948148148148148,0.6913265306122449,0.3837065760234115,v26 main_pc0,9.7
42,diabetes,CBM_KE,3,OK,0.42857142857142855,0.4466666666666666,0.46683673469387754,0.4662962962962963,0.4284750337381916,-0.06686478498357316,v26 main_pc0,7.0
42,diabetes,CBM_KE,4,OK,0.7532467532467533,0.7688888888888888,0.729559748427673,0.7162962962962962,0.7214924804873406,0.44565871858907996,v26 main_pc0,6.8
42,diabetes,CBM_KE,5,OK,0.6883116883116883,0.754074074074074,0.6612787356321839,0.6662962962962963,0.6632653061224489,0.3275366019667524,v26 main_pc0,22.2
42,diabetes,CBM_KE,6,OK,0.7272727272727273,0.7844444444444445,0.7127222982216143,0.7303703703703703,0.7149656266525648,0.4427410738901448,v26 main_pc0,8.9
42,diabetes,CBM_KE,7,OK,0.7662337662337663,0.82,0.75,0.7177777777777778,0.7275943396226415,0.4666666666666667,v26 main_pc0,5.0
42,diabetes,CBM_KE,8,OK,0.7105263157894737,0.8246153846153846,0.6903409090909092,0.7061538461538461,0.6933235509904623,0.39617930531268536,v26 main_pc0,9.2
42,diabetes,CBM_KE,9,OK,0.7105263157894737,0.7876923076923077,0.6815476190476191,0.6876923076923077,0.6840513983371126,0.3691887949279695,v26 main_pc0,12.8
42,kr-vs-kp,CBM_KE,0,OK,0.996875,1.0,0.9970238095238095,0.9967320261437909,0.996868118424272,0.9937557928313525,v26 main_pc0,42.8
42,kr-vs-kp,CBM_KE,1,OK,0.99375,0.9996869007083872,0.9940828402366864,0.9934640522875817,0.993734335839599,0.9875466986607835,v26 main_pc0,37.1
42,kr-vs-kp,CBM_KE,2,OK,0.984375,0.9961645336777425,0.9841772151898734,0.9850299401197604,0.9843626305964679,0.9692067801886173,v26 main_pc0,15.5
42,kr-vs-kp,CBM_KE,3,OK,0.990625,0.999804312942742,0.9904944453137224,0.9907440021916951,0.9906095020101535,0.9812384157707068,v25(p_c=0),106.2
42,kr-vs-kp,CBM_KE,4,OK,1.0,1.0,1.0,1.0,1.0,1.0,v25(p_c=0),91.3
42,kr-vs-kp,CBM_KE,5,OK,0.9875,0.9954209228601619,0.9872922776148583,0.9877499902156471,0.9874823971209513,0.9750421603988364,v26 main_pc0,46.8
42,kr-vs-kp,CBM_KE,6,OK,0.9905956112852664,0.9984242042231327,0.9907363607694734,0.990427040655531,0.9905718930101965,0.9811633526671037,v26 main_pc0,52.8
42,kr-vs-kp,CBM_KE,7,OK,0.9905956112852664,0.9934210526315789,0.9911764705882353,0.9901315789473684,0.9905655727200134,0.981307493237889,v26 main_pc0,57.3
42,kr-vs-kp,CBM_KE,8,OK,0.9184952978056427,0.9999606051055784,0.9269662921348314,0.9221556886227544,0.9183982683982684,0.8491083536861098,v26 main_pc0,29.1
42,kr-vs-kp,CBM_KE,9,OK,0.9937304075235109,0.9997637609260571,0.9937199779510197,0.9937199779510197,0.9937199779510197,0.9874399559020395,v26 main_pc0,38.1
42,magic,CBM_KE,0,OK,0.821,0.8905658058200432,0.8034534684437344,0.820234065996778,0.8093698448653928,0.6234617487562875,v26 main_pc0,164.3
42,magic,CBM_KE,1,OK,0.876,0.9156054240800005,0.8749144946338012,0.8488711539558997,0.8593568524970965,0.7233169495530632,v26 main_pc0,313.4
42,magic,CBM_KE,2,OK,0.856,0.9153815425001866,0.8538299064614854,0.8243056378649599,0.8356344510190664,0.6774925343077697,v26 main_pc0,76.4
42,magic,CBM_KE,3,OK,0.886,0.9297933704713366,0.8853076307026542,0.8611539120013696,0.8710990502035278,0.7460706619409252,v26 main_pc0,84.0
42,magic,CBM_KE,4,OK,0.877,0.9294334040096752,0.8661549914917754,0.8627232779775152,0.8643843545852973,0.7288701908069117,v26 main_pc0,47.1
42,magic,CBM_KE,5,OK,0.864,0.9067160084109236,0.8696538787065864,0.827852624462794,0.842697460951958,0.6962528112023839,v26 main_pc0,130.0
42,magic,CBM_KE,6,OK,0.874,0.9112068095118944,0.8769158729622353,0.8427517241076563,0.8557137360523278,0.7188562173379277,v25(p_c=0),406.3
42,magic,CBM_KE,7,OK,0.834,0.9160180685604415,0.8175389025896505,0.8374444137156002,0.8240324967456613,0.654680773556883,v26 main_pc0,207.9
42,magic,CBM_KE,8,OK,0.877,0.9161626373626375,0.8719210571287371,0.853956043956044,0.8616595678154921,0.7256547555008169,v25(p_c=0),52.5
42,magic,CBM_KE,9,OK,0.855,0.8920043956043956,0.8556401522740933,0.8198901098901099,0.8329937539663983,0.6745836268167058,v26 main_pc0,52.1
42,mfeat-factors,CBM_KE,0,OK,0.975,0.9991666666666668,0.9759523809523809,0.975,0.9748525394160825,0.9723572812243633,v25(p_c=0),29.7
42,mfeat-factors,CBM_KE,1,OK,0.97,0.9988055555555556,0.9711904761904762,0.97,0.9699744906355946,0.9668009539030812,v26 main_pc0,56.8
42,mfeat-factors,CBM_KE,2,OK,0.985,0.9999722222222222,0.9861471861471861,0.985,0.9851067631555436,0.983442610805842,v25(p_c=0),46.2
42,mfeat-factors,CBM_KE,3,OK,0.955,0.9914722222222222,0.9572476646160857,0.9549999999999998,0.9550566378422604,0.9502375890996255,v26 main_pc0,24.9
42,mfeat-factors,CBM_KE,4,OK,0.985,0.9981388888888889,0.9854761904761904,0.985,0.9849937460913072,0.9833879675158538,v26 main_pc0,20.6
42,mfeat-factors,CBM_KE,5,OK,0.955,0.9970000000000001,0.9567680565048985,0.9550000000000001,0.9546663938127352,0.9502639988935219,v26 main_pc0,80.1
42,mfeat-factors,CBM_KE,6,OK,0.945,0.9924722222222224,0.9489542036910459,0.945,0.9452331280187505,0.9393064512350332,v25(p_c=0),35.0
42,mfeat-factors,CBM_KE,7,OK,0.96,0.9978333333333333,0.9608046631730842,0.96,0.9596992716312357,0.9557148546406925,v26 main_pc0,24.3
42,mfeat-factors,CBM_KE,8,OK,0.955,0.9911944444444446,0.9568364092048303,0.9549999999999998,0.9546753279680109,0.9502639988935219,v26 main_pc0,19.2
42,mfeat-factors,CBM_KE,9,OK,0.995,0.9999722222222223,0.9952380952380953,0.9949999999999999,0.9949968730456534,0.9944720690522652,v26 main_pc0,36.6
42,optdigits,CBM_KE,0,OK,0.9501779359430605,0.9973985461988646,0.9502869614641878,0.9504330182823832,0.9499906786484921,0.9447266983909582,v25(p_c=0),120.7
42,optdigits,CBM_KE,1,OK,0.9252669039145908,0.9962691102201806,0.9282497773055954,0.9257901807811063,0.9260063558343814,0.9172179537271805,v25(p_c=0),114.4
42,optdigits,CBM_KE,2,OK,0.9804270462633452,0.9993729495531382,0.9809705336366251,0.9805115060378217,0.9804711003296337,0.9783138736243128,v26 main_pc0,90.8
42,optdigits,CBM_KE,3,OK,0.9501779359430605,0.9967449532614465,0.9518958308045556,0.9502124629756208,0.9500859067163491,0.944860083490831,v26 main_pc0,136.2
42,optdigits,CBM_KE,4,OK,0.9341637010676157,0.9976472177670151,0.937748475504001,0.9344600136705401,0.9343772489361564,0.9272668409890338,v25(p_c=0),115.5
42,optdigits,CBM_KE,5,OK,0.9804270462633452,0.9984054357249269,0.9811128026664694,0.9803223969013443,0.9804963042533409,0.9783028624970189,v26 main_pc0,170.3
42,optdigits,CBM_KE,6,OK,0.9893238434163701,0.9991126396200979,0.9895017716705559,0.9893472317156528,0.9893472236773588,0.988154835140261,v26 main_pc0,245.8
42,optdigits,CBM_KE,7,OK,0.9572953736654805,0.9962536156760627,0.9576562854613911,0.957453861927546,0.9573703354928421,0.9525905291374288,v25(p_c=0),119.6
42,optdigits,CBM_KE,8,OK,0.9822064056939501,0.9992941720618613,0.982560378218273,0.982236842105263,0.9822632339819114,0.9802599877170857,v26 main_pc0,181.2
42,optdigits,CBM_KE,9,OK,0.9697508896797153,0.9968969181161332,0.9714903166018243,0.96970323536113,0.9698557297172137,0.9665625328414811,v26 main_pc0,100.7
42,page-blocks,CBM_KE,0,OK,0.16970802919708028,0.8593435121123502,0.3977411101661934,0.39825542005420056,0.17431912328597385,0.1310353680981608,v26 main_pc0,111.3
42,page-blocks,CBM_KE,1,OK,0.7244525547445255,0.5296613037709086,0.19272608125819135,0.291785471826205,0.19365974179629047,0.02840499470731252,v26 main_pc0,25.4
42,page-blocks,CBM_KE,2,OK,0.47992700729927007,0.8011762165936093,0.2839546210061905,0.5544549363286635,0.26764788924360217,0.24948894047613981,v25(p_c=0),98.7
42,page-blocks,CBM_KE,3,OK,0.7641681901279708,0.582159238337065,0.2036456996148909,0.36578411405295314,0.2143332131554701,0.08758902938412005,v26 main_pc0,24.6
42,page-blocks,CBM_KE,4,OK,0.1882998171846435,0.7670266743087357,0.4064705882352941,0.31342755456808413,0.1587593933008961,0.12285710193621907,v25(p_c=0),96.3
42,page-blocks,CBM_KE,5,OK,0.21937842778793418,0.8682154282500226,0.4241686790787048,0.4576930198111461,0.23241731696885987,0.1706741744169628,v26 main_pc0,104.7
42,page-blocks,CBM_KE,6,OK,0.10786106032906764,0.8551067298939188,0.3692594647433357,0.6364130099364316,0.25237791473715065,0.1885439904665224,v26 main_pc0,23.0
42,page-blocks,CBM_KE,7,OK,0.7586837294332724,0.5138381309572515,0.19495307412373108,0.2934641733012405,0.19988287871783017,0.044355564070004204,v26 main_pc0,25.5
42,page-blocks,CBM_KE,8,OK,0.25411334552102377,0.7687472235573535,0.2693693737202024,0.5168144863266815,0.18577699280856047,0.1791767752963683,v26 main_pc0,21.5
42,page-blocks,CBM_KE,9,OK,0.20475319926873858,0.799359193177852,0.3964273726184843,0.399630450849963,0.18218458321894887,0.14002128239091144,v25(p_c=0),105.0
42,pendigits,CBM_KE,0,OK,0.923,0.9949774429549146,0.9304968604410583,0.9209070870791617,0.9172455542160302,0.9163362886903955,v25(p_c=0),215.5
42,pendigits,CBM_KE,1,OK,0.994,0.9998696923088275,0.9941852628902028,0.9939975086407534,0.9940537724664058,0.9933408535749227,v25(p_c=0),432.7
42,pendigits,CBM_KE,2,OK,0.995,0.9997505952113738,0.9950163538724448,0.9949729554996589,0.9949651667252452,0.9944501306397164,v25(p_c=0),356.1
42,pendigits,CBM_KE,3,OK,0.906,0.9968495385771442,0.914024281327943,0.9036089389635398,0.8938690642045909,0.8989908664242627,v26 main_pc0,202.3
42,pendigits,CBM_KE,4,OK,0.92,0.9949541341237588,0.9304627567392109,0.9181964854057989,0.9158365948982092,0.9132717338372943,v25(p_c=0),208.9
42,pendigits,CBM_KE,5,OK,0.899,0.9995918015678683,0.8484581928744375,0.8958328811720022,0.8643691279017357,0.897217651429643,v26 main_pc0,201.9
42,pendigits,CBM_KE,6,OK,0.966,0.9988453922454985,0.9658750660238506,0.9656754294717376,0.9656049907611945,0.9622557638234407,v26 main_pc0,187.1
42,pendigits,CBM_KE,7,OK,0.979,0.9989932936631141,0.9791405740451241,0.9783155634605558,0.9784373753889064,0.976724366851983,v25(p_c=0),469.3
42,pendigits,CBM_KE,8,OK,0.947,0.998896626191186,0.9540528514896609,0.9453187054173895,0.9428132711008319,0.9423186958777472,v26 main_pc0,174.0
42,pendigits,CBM_KE,9,OK,0.96,0.9985040471720839,0.9629859845809916,0.9593343995257001,0.9591598015270042,0.9560027227755377,v26 main_pc0,197.0
42,phoneme,CBM_KE,0,OK,0.88909426987061,0.946359774770325,0.8672787287685775,0.8645576080871942,0.8658988002776218,0.7318312779901607,v26 main_pc0,135.3
42,phoneme,CBM_KE,1,OK,0.8613678373382625,0.9329085580690836,0.8292890401146131,0.8632816358786921,0.84186280355911,0.6917359645696064,v26 main_pc0,55.1
42,phoneme,CBM_KE,2,OK,0.8632162661737524,0.9282492014883599,0.8315949587136028,0.8517402614508216,0.8402830971530704,0.6830382052965911,v26 main_pc0,74.6
42,phoneme,CBM_KE,3,OK,0.8391866913123844,0.8992064276070993,0.8046681935989393,0.8328888010800488,0.8154560959830619,0.6369321147324102,v26 main_pc0,107.2
42,phoneme,CBM_KE,4,OK,0.8796296296296297,0.949847571078269,0.8496754914320399,0.872241367883889,0.8593609135530402,0.7215640879260375,v26 main_pc0,135.1
42,phoneme,CBM_KE,5,OK,0.8925925925925926,0.942458082046524,0.8732365708084644,0.8647027636026244,0.8687892752408881,0.7378899886877816,v26 main_pc0,101.5
42,phoneme,CBM_KE,6,OK,0.8611111111111112,0.9307773875008285,0.8283846631622003,0.8591523626482869,0.8402839396628217,0.6868482441767353,v26 main_pc0,102.2
42,phoneme,CBM_KE,7,OK,0.8722222222222222,0.9182185698190736,0.8435151515151516,0.8521605142819272,0.8476142177652539,0.6956219445106945,v26 main_pc0,97.0
42,phoneme,CBM_KE,8,OK,0.8592592592592593,0.9176282210006768,0.831251766975437,0.8288020601198436,0.83000861554775,0.6600492811900094,v26 main_pc0,39.3
42,phoneme,CBM_KE,9,OK,0.8851851851851852,0.9381633899536143,0.8584506929935087,0.8709948992225028,0.8642644006227296,0.7293377234816887,v26 main_pc0,133.0
42,satimage,CBM_KE,0,OK,0.8849144634525661,0.9835516137382164,0.8636778477890994,0.86933820286467,0.865868892361023,0.8585451271437254,v25(p_c=0),254.9
42,satimage,CBM_KE,1,OK,0.9222395023328149,0.9857029767333048,0.9081162964511041,0.9106214445967287,0.9087521117798891,0.9042926627555311,v26 main_pc0,104.4
42,satimage,CBM_KE,2,OK,0.80248833592535,0.9832993975078216,0.8438570013627936,0.7244312870500748,0.7135470817393258,0.7619055822858324,v25(p_c=0),115.5
42,satimage,CBM_KE,3,OK,0.9160186625194401,0.9857102038543998,0.9068010823182308,0.9008630565579282,0.9036441881924854,0.8963076982648865,v26 main_pc0,119.1
42,satimage,CBM_KE,4,OK,0.9004665629860031,0.9852527888017413,0.883024273587654,0.8860056503064483,0.8842574265664799,0.8774334551986694,v25(p_c=0),256.9
42,satimage,CBM_KE,5,OK,0.9206842923794712,0.985686101516523,0.9213246781431687,0.9026954925895839,0.9110896550783112,0.9020012886446852,v26 main_pc0,47.7
42,satimage,CBM_KE,6,OK,0.9129082426127527,0.983506799392976,0.9119154130331801,0.8917838929916565,0.8993061757279763,0.8927502923312753,v26 main_pc0,299.3
42,satimage,CBM_KE,7,OK,0.8973561430793157,0.9858323610470014,0.8783716879630227,0.8765644959079092,0.877232714248127,0.8734753143589616,v25(p_c=0),200.4
42,satimage,CBM_KE,8,OK,0.926905132192846,0.9857028368673905,0.9155984571812358,0.9128008793501752,0.9130464181839401,0.9102760844356917,v26 main_pc0,127.2
42,satimage,CBM_KE,9,OK,0.9346811819595645,0.9937643334974248,0.9260540840058464,0.9191427199448841,0.9210045734026204,0.9195336461864826,v25(p_c=0),261.2
42,segment,CBM_KE,0,OK,0.961038961038961,0.9967641785823604,0.9611169981188957,0.961038961038961,0.9608259588670036,0.9546289449203668,v25(p_c=0),52.5
42,segment,CBM_KE,1,OK,0.9696969696969697,0.9974419519874066,0.9707341269841271,0.9696969696969697,0.9698678133460742,0.9647730337560622,v26 main_pc0,17.1
42,segment,CBM_KE,2,OK,0.948051948051948,0.9954742227469501,0.9510014941049424,0.9480519480519481,0.9480264476056901,0.9399078254617361,v25(p_c=0),46.6
42,segment,CBM_KE,3,OK,0.9523809523809523,0.9961519961519961,0.9532482261310861,0.9523809523809524,0.9518051107706518,0.9447956734542466,v26 main_pc0,17.0
42,segment,CBM_KE,4,OK,0.8831168831168831,0.9960208142026322,0.9076315511881674,0.8831168831168831,0.877604727900273,0.8690301528341936,v25(p_c=0),76.5
42,segment,CBM_KE,5,OK,0.9393939393939394,0.9982290436835892,0.9482142857142858,0.9393939393939394,0.9387105773483483,0.931004335769005,v26 main_pc0,49.2
42,segment,CBM_KE,6,OK,0.8484848484848485,0.9992129083038174,0.7773109243697479,0.8484848484848485,0.8007951314854299,0.8436202110771626,v26 main_pc0,54.8
42,segment,CBM_KE,7,OK,0.9653679653679653,0.9944029034938126,0.9662414965986394,0.9653679653679654,0.9650624575359688,0.9598478220568835,v26 main_pc0,48.7
42,segment,CBM_KE,8,OK,0.9264069264069265,0.9946434037343128,0.9392702535559678,0.9264069264069265,0.9260946802963611,0.9164888428722064,v26 main_pc0,40.5
42,segment,CBM_KE,9,OK,0.961038961038961,0.9921728103546286,0.9624649859943978,0.961038961038961,0.9611259276002786,0.9547542215699191,v26 main_pc0,29.6
42,spambase,CBM_KE,0,OK,0.9436008676789588,0.9798337862853991,0.9379223136028418,0.9467190515577613,0.9416160081053697,0.8845976273733545,v26 main_pc0,103.7
42,spambase,CBM_KE,1,OK,0.9434782608695652,0.9835739321570723,0.9400879840602869,0.9417612229945147,0.9409044193216856,0.8818476196342832,v25(p_c=0),118.6
42,spambase,CBM_KE,2,OK,0.9652173913043478,0.9820194459296224,0.9653830029346588,0.9616230024356918,0.9634187558400764,0.9269983799278952,v26 main_pc0,162.1
42,spambase,CBM_KE,3,OK,0.941304347826087,0.9806530822392523,0.9388888888888889,0.9380284758114021,0.9384536097800287,0.8769169425904825,v25(p_c=0),35.6
42,spambase,CBM_KE,4,OK,0.9434782608695652,0.9825343076100517,0.938009692675996,0.9456424879700588,0.9413311357036339,0.8836192148185364,v26 main_pc0,178.5
42,spambase,CBM_KE,5,OK,0.9347826086956522,0.9771282599655438,0.9298936357759887,0.9345927642131526,0.9320652173913043,0.864473628260641,v26 main_pc0,27.7
42,spambase,CBM_KE,6,OK,0.9260869565217391,0.9667518168676608,0.9208830385300973,0.9254836729440187,0.9230072463768115,0.8463542074418364,v26 main_pc0,61.4
42,spambase,CBM_KE,7,OK,0.9217391304347826,0.9701974296520723,0.9187061372989522,0.9170478623339076,0.9178571428571429,0.8357523544845462,v26 main_pc0,72.0
42,spambase,CBM_KE,8,OK,0.95,0.9846232903786861,0.9473575190862283,0.9481974859672702,0.9477724299642107,0.8955546111388242,v25(p_c=0),149.0
42,spambase,CBM_KE,9,OK,0.9565217391304348,0.9819155664479405,0.9520467836257309,0.9583366274013756,0.9548701043874108,0.910361682485938,v26 main_pc0,32.2
42,tic-tac-toe,CBM_KE,0,OK,0.7604166666666666,0.6717267552182163,0.7380952380952381,0.7348197343453511,0.7363582089552239,0.4729036289072729,v26 main_pc0,9.4
42,tic-tac-toe,CBM_KE,1,OK,0.9270833333333334,0.9943074003795066,0.9227994227994227,0.9169829222011385,0.9197611940298507,0.8397622016353391,v26 main_pc0,14.8
42,tic-tac-toe,CBM_KE,2,OK,0.9375,0.9927849927849928,0.923957856161246,0.9451659451659451,0.9325526932084309,0.8688650061972779,v25(p_c=0),60.9
42,tic-tac-toe,CBM_KE,3,OK,1.0,1.0,1.0,1.0,1.0,1.0,v26 main_pc0,21.6
42,tic-tac-toe,CBM_KE,4,OK,0.9791666666666666,0.9692159692159693,0.9846153846153847,0.9696969696969697,0.9765625,0.9541957401338105,v26 main_pc0,21.9
42,tic-tac-toe,CBM_KE,5,OK,0.9583333333333334,0.9571909571909573,0.9538239538239539,0.9538239538239539,0.9538239538239539,0.9076479076479076,v26 main_pc0,65.0
42,tic-tac-toe,CBM_KE,6,OK,0.7395833333333334,0.8643578643578643,0.7196428571428571,0.7366522366522367,0.7237251064809485,0.45597795300889205,v26 main_pc0,52.6
42,tic-tac-toe,CBM_KE,7,OK,0.7395833333333334,0.6132756132756133,0.725,0.6645021645021645,0.6742228858422696,0.38477519157548096,v26 main_pc0,7.2
42,tic-tac-toe,CBM_KE,8,OK,0.9578947368421052,0.9951124144672532,0.9488095238095238,0.9606549364613881,0.9541947926711668,0.9093873161062717,v26 main_pc0,16.1
42,tic-tac-toe,CBM_KE,9,OK,0.9789473684210527,0.9995112414467253,0.9767839687194526,0.9767839687194526,0.9767839687194526,0.9535679374389052,v26 main_pc0,16.7
42,vehicle,CBM_KE,0,OK,0.8588235294117647,0.950588474025974,0.8720238095238095,0.8625541125541125,0.854446656711465,0.820636385291917,v26 main_pc0,13.2
42,vehicle,CBM_KE,1,OK,0.8588235294117647,0.9495486804861805,0.8727996540496541,0.8630952380952381,0.8519252133515124,0.8212222772129003,v26 main_pc0,22.7
42,vehicle,CBM_KE,2,OK,0.788235294117647,0.9420027888777889,0.7821441511387164,0.7916666666666666,0.7817727434120518,0.7210434606128905,v25(p_c=0),29.6
42,vehicle,CBM_KE,3,OK,0.8,0.9357148407148407,0.7937522835221045,0.8002705627705629,0.7948016471011392,0.7345940197427525,v26 main_pc0,42.1
42,vehicle,CBM_KE,4,OK,0.8705882352941177,0.9736314033189033,0.8697169059011165,0.8717532467532467,0.8698122529644269,0.8279117845851526,v26 main_pc0,10.7
42,vehicle,CBM_KE,5,OK,0.8,0.9126569784382284,0.8034389952153109,0.8024350649350649,0.8013396156688839,0.7345660709849066,v26 main_pc0,10.4
42,vehicle,CBM_KE,6,OK,0.8928571428571429,0.9658244941529072,0.9108005521048999,0.8933982683982684,0.8871622429459589,0.8654733432606482,v26 main_pc0,25.5
42,vehicle,CBM_KE,7,OK,0.75,0.9203147938110344,0.7481947622679889,0.7525347459557985,0.7454588853085092,0.6698585167680041,v25(p_c=0),40.4
42,vehicle,CBM_KE,8,OK,0.75,0.9362114521649731,0.7555147058823529,0.7559523809523809,0.7502428127428127,0.6705274287327799,v26 main_pc0,23.0
42,vehicle,CBM_KE,9,OK,0.7857142857142857,0.936458412559183,0.7862050135219472,0.789448051948052,0.7872416020671835,0.7145291489578555,v26 main_pc0,11.7
42,wdbc,CBM_KE,0,OK,0.9824561403508771,0.9973544973544973,0.9772727272727273,0.9861111111111112,0.981329839502129,0.9633432944855655,v25(p_c=0),8.2
42,wdbc,CBM_KE,1,OK,0.9649122807017544,0.9933862433862434,0.9623015873015872,0.9623015873015872,0.9623015873015872,0.9246031746031746,v25(p_c=0),4.9
42,wdbc,CBM_KE,2,OK,1.0,1.0,1.0,1.0,1.0,1.0,v26 main_pc0,14.0
42,wdbc,CBM_KE,3,OK,1.0,1.0,1.0,1.0,1.0,1.0,v25(p_c=0),20.5
42,wdbc,CBM_KE,4,OK,0.9122807017543859,0.9656084656084656,0.9032467532467532,0.9107142857142857,0.9066491975106452,0.8139267835041308,v25(p_c=0),18.7
42,wdbc,CBM_KE,5,OK,0.9122807017543859,0.9828042328042328,0.9032467532467532,0.9107142857142857,0.9066491975106452,0.8139267835041308,v26 main_pc0,18.7
42,wdbc,CBM_KE,6,OK,0.9824561403508771,0.98015873015873,0.9864864864864865,0.9761904761904762,0.9809555629802873,0.962621902223779,v26 main_pc0,10.0
42,wdbc,CBM_KE,7,OK,0.9649122807017544,0.9766233766233766,0.972972972972973,0.9545454545454546,0.9623015873015872,0.9273353546322172,v25(p_c=0),8.1
42,wdbc,CBM_KE,8,OK,0.8947368421052632,0.9818181818181818,0.8863636363636365,0.8974025974025974,0.8906649616368286,0.7836884907482609,v25(p_c=0),16.3
42,wdbc,CBM_KE,9,OK,0.9642857142857143,0.9945578231292517,0.9565217391304348,0.9714285714285714,0.9625668449197862,0.9278305692406299,v26 main_pc0,5.8
42,wine-quality,CBM_KE,0,PARTIAL,0.20612244897959184,nan,0.1441609977324263,0.1256720828638637,0.10935117536004367,0.003303663045812767,v25(p_c=0),53.4
42,wine-quality,CBM_KE,1,PARTIAL,0.16326530612244897,nan,0.1318880143671863,0.10740462644169332,0.09915267559505343,-0.045246228348068886,v25(p_c=0),50.2
42,wine-quality,CBM_KE,2,PARTIAL,0.2693877551020408,nan,0.14445598848035196,0.14405259491466388,0.10461186334378292,0.03682998093184209,v26 main_pc0,19.2
42,wine-quality,CBM_KE,3,OK,0.22244897959183674,0.5634865682836793,0.1569088798051616,0.14053714484748966,0.12318850860690482,0.012449573502997826,v25(p_c=0),48.0
42,wine-quality,CBM_KE,4,OK,0.20408163265306123,0.6015348650494418,0.13085450125292572,0.1223690103000448,0.09702887567070317,-0.008468801869457778,v25(p_c=0),53.7
42,wine-quality,CBM_KE,5,OK,0.2938775510204082,0.51417302371144,0.16129666793383607,0.2881623010349843,0.1136925424720776,0.08018093463304514,v26 main_pc0,19.4
42,wine-quality,CBM_KE,6,OK,0.17142857142857143,0.5191236017083366,0.12809281018190183,0.22047233588329476,0.09191777894348273,0.02320867108858782,v25(p_c=0),17.6
42,wine-quality,CBM_KE,7,OK,0.2693877551020408,0.4312562019673858,0.14070358657431176,0.13618756344380842,0.0973049235684991,0.04070452690968422,v26 main_pc0,16.3
42,wine-quality,CBM_KE,8,PARTIAL,0.26380368098159507,nan,0.1502098618165269,0.1254981320049813,0.0951714155133158,0.04562914563838302,v26 main_pc0,18.2
42,wine-quality,CBM_KE,9,PARTIAL,0.2903885480572597,nan,0.12234614102041573,0.1188667496886675,0.11629141452499368,0.06583516007693054,v25(p_c=0),104.3
43,balance-scale,CBM_KE,0,OK,0.7142857142857143,0.7923597025016903,0.47676767676767673,0.5172413793103449,0.49589939857845816,0.4763011572314661,v25(p_c=0),20.8
43,balance-scale,CBM_KE,1,OK,0.9365079365079365,0.9791751183231914,0.8992063492063492,0.8988505747126436,0.8988403211418375,0.8889872607658645,v26 main_pc0,24.9
43,balance-scale,CBM_KE,2,OK,0.6825396825396826,0.6810682893847194,0.5042087542087542,0.4942528735632184,0.49170437405731526,0.45289006427264494,v25(p_c=0),16.5
43,balance-scale,CBM_KE,3,OK,0.9682539682539683,0.9977011494252874,0.978494623655914,0.9218390804597701,0.9460038986354776,0.9450354044059255,v26 main_pc0,7.3
43,balance-scale,CBM_KE,4,OK,1.0,1.0,1.0,1.0,1.0,1.0,v26 main_pc0,29.0
43,balance-scale,CBM_KE,5,OK,0.9838709677419355,0.9907697666318356,0.9333333333333332,0.9885057471264368,0.9571150097465887,0.9719488478899142,v26 main_pc0,19.6
43,balance-scale,CBM_KE,6,OK,0.967741935483871,0.9973106786574278,0.9214285714285714,0.9214285714285714,0.9214285714285714,0.9434822242479489,v26 main_pc0,33.7
43,balance-scale,CBM_KE,7,OK,0.8064516129032258,0.9647457162483318,0.7370715704049037,0.8583743842364532,0.748042328042328,0.7039162051899943,v26 main_pc0,12.3
43,balance-scale,CBM_KE,8,OK,0.967741935483871,1.0,0.9047619047619048,0.9766009852216749,0.9325358851674642,0.9461167392853528,v26 main_pc0,31.6
43,balance-scale,CBM_KE,9,OK,0.9032258064516129,0.9716291851393805,0.8103448275862069,0.8746305418719212,0.8299384415194435,0.839250367160249,v26 main_pc0,22.0
43,bank,CBM_KE,0,OK,0.883,0.8752272727272725,0.7344824667216896,0.8147727272727272,0.7647385279870667,0.543355079290229,v25(p_c=0),250.9
43,bank,CBM_KE,1,OK,0.895,0.8774810606060606,0.7528411107343118,0.8035984848484848,0.7745034243265705,0.5541197636841517,v26 main_pc0,417.3
43,bank,CBM_KE,2,OK,0.871,0.8221496212121212,0.6883479648842777,0.6676136363636364,0.6769953051643193,0.3553572134961905,v26 main_pc0,64.5
43,bank,CBM_KE,3,OK,0.902,0.8004071969696969,0.7705668819382888,0.7428030303030303,0.7555646456685057,0.5126186061167065,v25(p_c=0),159.6
43,bank,CBM_KE,4,OK,0.869,0.7497155858930602,0.7077182592297946,0.7651303603832305,0.7304033043088138,0.4693502612240574,v26 main_pc0,624.9
43,bank,CBM_KE,5,OK,0.895,0.8375313795729558,0.7532918548136913,0.7763564907530158,0.7640316871734367,0.5291459085455886,v26 main_pc0,569.4
43,bank,CBM_KE,6,OK,0.897,0.8737671471149597,0.7579545454545454,0.7561137280342989,0.7570290550789184,0.5140649776040249,v26 main_pc0,99.8
43,bank,CBM_KE,7,OK,0.889,0.8773493545445143,0.7411129568106312,0.7729435214697393,0.7554414282220592,0.5130700517624269,v26 main_pc0,565.2
43,bank,CBM_KE,8,OK,0.852,0.8981938528944424,0.6996317853903495,0.8124747318045488,0.7327439253416543,0.4995193233480071,v26 main_pc0,266.5
43,bank,CBM_KE,9,OK,0.895,0.8434547146926917,0.7536196911196911,0.7371590556511438,0.7449667363757587,0.49050262564223124,v26 main_pc0,442.7
43,blood,CBM_KE,0,OK,0.6666666666666666,0.686159844054581,0.6135682158920539,0.6476608187134503,0.6126833298905185,0.25899479329474223,v26 main_pc0,14.0
43,blood,CBM_KE,1,OK,0.76,0.2928849902534113,0.38,0.5,0.4318181818181818,0.0,v26 main_pc0,7.7
43,blood,CBM_KE,2,OK,0.6133333333333333,0.6846978557504874,0.53,0.5365497076023392,0.5272766789828298,0.06622661785325219,v26 main_pc0,24.4
43,blood,CBM_KE,3,OK,0.7733333333333333,0.7134502923976608,0.6871196754563895,0.6798245614035088,0.6832298136645962,0.36687171364885646,v26 main_pc0,7.4
43,blood,CBM_KE,4,OK,0.68,0.6764132553606238,0.5874785591766725,0.5994152046783625,0.5909090909090909,0.18651218582727658,v26 main_pc0,7.7
43,blood,CBM_KE,5,OK,0.68,0.6988304093567252,0.5281030444964872,0.5233918128654971,0.5233050847457628,0.05127889069832007,v25(p_c=0),5.5
43,blood,CBM_KE,6,OK,0.76,0.43469785575048736,0.38,0.5,0.4318181818181818,0.0,v25(p_c=0),11.1
43,blood,CBM_KE,7,OK,0.6533333333333333,0.6642300194931774,0.5553173241852487,0.5628654970760234,0.5568181818181819,0.11794152927313077,v25(p_c=0),6.0
43,blood,CBM_KE,8,OK,0.7027027027027027,0.6517027863777091,0.6172208013640239,0.6418988648090815,0.6231481481481481,0.25794184341099696,v26 main_pc0,30.5
43,blood,CBM_KE,9,OK,0.8378378378378378,0.849329205366357,0.7922077922077921,0.7089783281733746,0.7357142857142858,0.4942270567049815,v25(p_c=0),6.3
43,car,CBM_KE,0,OK,0.7803468208092486,0.9356023169993434,0.5977654359616187,0.8541912632821724,0.6441348095571804,0.6691953285545856,v25(p_c=0),17.9
43,car,CBM_KE,1,OK,0.7456647398843931,0.9862768948559192,0.6148148148148149,0.900402627675355,0.6271955624355006,0.6505795465091981,v26 main_pc0,58.0
43,car,CBM_KE,2,OK,0.6936416184971098,0.9978358367096495,0.6027452757635685,0.8774634456452639,0.5984709516369854,0.604597092589011,v26 main_pc0,60.8
43,car,CBM_KE,3,OK,0.7225433526011561,0.998090444155573,0.588376976284585,0.9008264462809917,0.617193118196256,0.6287746549276529,v26 main_pc0,34.0
43,car,CBM_KE,4,OK,0.8092485549132948,0.9989076757019342,0.6391224522377734,0.9318181818181819,0.6963762683060929,0.7121949440947605,v26 main_pc0,85.0
43,car,CBM_KE,5,OK,0.8497109826589595,0.9965160282744014,0.6741532976827095,0.9372553284036538,0.7469135017663772,0.7485850434514834,v26 main_pc0,60.0
43,car,CBM_KE,6,OK,0.9595375722543352,1.0,0.8533653846153846,0.9855371900826446,0.9008865248226949,0.9207025994370567,v26 main_pc0,20.9
43,car,CBM_KE,7,OK,0.9826589595375722,1.0,0.938034188034188,0.993801652892562,0.9623651714394392,0.963784348023454,v26 main_pc0,15.8
43,car,CBM_KE,8,OK,0.7441860465116279,0.9958741902564225,0.624732905982906,0.8910395824271422,0.6426753721200557,0.6405127704961587,v26 main_pc0,58.3
43,car,CBM_KE,9,OK,0.6569767441860465,0.9896365551537658,0.5323671497584541,0.8465093518921271,0.5516064423959162,0.533277571607312,v26 main_pc0,75.1
43,credit-g,CBM_KE,0,OK,0.74,0.7961904761904762,0.6930147058823529,0.7,0.6961196820944366,0.3929526239966879,v25(p_c=0),14.3
43,credit-g,CBM_KE,1,OK,0.71,0.7433333333333333,0.6416515973477999,0.6119047619047618,0.6183708382681932,0.2518053873501101,v26 main_pc0,27.5
43,credit-g,CBM_KE,2,OK,0.8,0.7514285714285714,0.8050595238095238,0.6952380952380952,0.717673630717109,0.4880952380952381,v25(p_c=0),7.8
43,credit-g,CBM_KE,3,OK,0.73,0.76,0.6750380517503805,0.6642857142857144,0.6687523003312477,0.3391533656562534,v26 main_pc0,29.1
43,credit-g,CBM_KE,4,OK,0.72,0.7266666666666666,0.6589912280701754,0.638095238095238,0.6448503297818367,0.2963506807510668,v25(p_c=0),10.6
43,credit-g,CBM_KE,5,OK,0.65,0.7019047619047619,0.6244390044879641,0.6452380952380952,0.6224786970121885,0.2688738290362726,v26 main_pc0,29.2
43,credit-g,CBM_KE,6,OK,0.7,0.40428571428571425,0.35,0.5,0.4117647058823529,0.0,v25(p_c=0),24.0
43,credit-g,CBM_KE,7,OK,0.71,0.8342857142857142,0.7060824329731893,0.7452380952380953,0.69662098545873,0.4496187866376465,v26 main_pc0,16.5
43,credit-g,CBM_KE,8,OK,0.77,0.7923809523809524,0.7257737189244038,0.7119047619047618,0.7178260336155073,0.4374586890348776,v26 main_pc0,20.5
43,credit-g,CBM_KE,9,OK,0.75,0.7214285714285714,0.7004058853373922,0.6880952380952381,0.6932891669733775,0.3883060273455655,v26 main_pc0,9.4
43,diabetes,CBM_KE,0,OK,0.6363636363636364,0.7518518518518518,0.6115007012622721,0.6177777777777778,0.6127873563218391,0.2291925375341376,v26 main_pc0,10.8
43,diabetes,CBM_KE,1,OK,0.7792207792207793,0.8207407407407407,0.7598270440251573,0.7448148148148148,0.7508090614886731,0.5044185153893525,v26 main_pc0,6.3
43,diabetes,CBM_KE,2,OK,0.6753246753246753,0.7281481481481481,0.6663279132791329,0.6818518518518519,0.6642246642246642,0.3478335179045545,v26 main_pc0,6.4
43,diabetes,CBM_KE,3,OK,0.8181818181818182,0.8992592592592593,0.8004908835904628,0.8174074074074074,0.8063936781609196,0.6176666813419998,v25(p_c=0),19.7
43,diabetes,CBM_KE,4,OK,0.7142857142857143,0.7548148148148148,0.6846153846153846,0.6777777777777778,0.6806184012066365,0.36232865092627065,v26 main_pc0,9.7
43,diabetes,CBM_KE,5,OK,0.7272727272727273,0.7977777777777778,0.7184959349593496,0.7388888888888889,0.717948717948718,0.4569299776953924,v26 main_pc0,25.3
43,diabetes,CBM_KE,6,OK,0.7532467532467533,0.797037037037037,0.7315602836879432,0.7418518518518519,0.7353951890034365,0.4733002574487753,v26 main_pc0,12.6
43,diabetes,CBM_KE,7,OK,0.7532467532467533,0.82,0.7315602836879432,0.7418518518518519,0.7353951890034365,0.4733002574487753,v26 main_pc0,6.9
43,diabetes,CBM_KE,8,OK,0.7236842105263158,0.783076923076923,0.7014336917562725,0.7161538461538461,0.7052631578947368,0.41732801112835244,v26 main_pc0,15.1
43,diabetes,CBM_KE,9,OK,0.7763157894736842,0.8538461538461539,0.7655052264808362,0.793076923076923,0.7672491442983247,0.5579012630845894,v26 main_pc0,6.6
43,kr-vs-kp,CBM_KE,0,OK,0.99375,0.9993346640053227,0.993738014167743,0.993738014167743,0.993738014167743,0.9874760283354859,v26 main_pc0,67.1
43,kr-vs-kp,CBM_KE,1,OK,0.990625,0.9999217251770968,0.9904944453137224,0.9907440021916951,0.9906095020101535,0.9812384157707068,v25(p_c=0),38.1
43,kr-vs-kp,CBM_KE,2,OK,0.99375,0.9999608625885484,0.9940828402366864,0.9934640522875817,0.993734335839599,0.9875466986607835,v26 main_pc0,23.3
43,kr-vs-kp,CBM_KE,3,OK,0.99375,0.9999608625885484,0.993738014167743,0.993738014167743,0.993738014167743,0.9874760283354859,v26 main_pc0,31.9
43,kr-vs-kp,CBM_KE,4,OK,1.0,1.0,1.0,1.0,1.0,1.0,v26 main_pc0,26.6
43,kr-vs-kp,CBM_KE,5,OK,0.996875,0.9991389769480646,0.9970238095238095,0.9967320261437909,0.996868118424272,0.9937557928313525,v26 main_pc0,45.9
43,kr-vs-kp,CBM_KE,6,OK,0.9937304075235109,0.9999606051055784,0.9935064935064934,0.9940119760479043,0.9937199779510197,0.9875183401833406,v25(p_c=0),31.7
43,kr-vs-kp,CBM_KE,7,OK,0.9937304075235109,0.9979908603844941,0.9940828402366864,0.993421052631579,0.9937125512456638,0.9875036711157809,v26 main_pc0,55.3
43,kr-vs-kp,CBM_KE,8,OK,0.9968652037617555,0.9999212102111565,0.9967320261437909,0.9970059880239521,0.9968591542362034,0.9937379764037085,v25(p_c=0),33.1
43,kr-vs-kp,CBM_KE,9,OK,0.9843260188087775,0.9927159618867627,0.9844390167034351,0.9841719820458303,0.9842957711810171,0.9686109619401081,v26 main_pc0,132.3
43,magic,CBM_KE,0,OK,0.81,0.9163955943616959,0.7997978406807373,0.8268034539220981,0.8028841166096068,0.6260190725939644,v25(p_c=0),145.2
43,magic,CBM_KE,1,OK,0.87,0.9164614418851706,0.8736659220650285,0.8370537184096506,0.8506433823529411,0.7097759885343786,v26 main_pc0,41.0
43,magic,CBM_KE,2,OK,0.859,0.9290470985386241,0.8436124105668685,0.8508180457333,0.8469120200121819,0.6943930712925558,v26 main_pc0,47.3
43,magic,CBM_KE,3,OK,0.879,0.9273921307819613,0.8712573496155586,0.8603395976277333,0.8652919768569389,0.7315154789252489,v26 main_pc0,426.9
43,magic,CBM_KE,4,OK,0.839,0.9052454137199899,0.8226333195535345,0.842604664638563,0.8292463826217362,0.664938133202977,v26 main_pc0,81.8
43,magic,CBM_KE,5,OK,0.87,0.9234237200338895,0.867196863939535,0.8429404870082836,0.8527806340851336,0.709722963831208,v26 main_pc0,101.6
43,magic,CBM_KE,6,OK,0.879,0.9230988722514146,0.8761553369111509,0.8544528290291002,0.8634975536731003,0.7302857613908454,v26 main_pc0,57.3
43,magic,CBM_KE,7,OK,0.858,0.9116457930017252,0.8434814050036811,0.846123117309558,0.8447639537527767,0.6895994624062316,v26 main_pc0,47.7
43,magic,CBM_KE,8,OK,0.845,0.911854945054945,0.8297769796521992,0.8293406593406594,0.8295577628741619,0.6591174945759716,v26 main_pc0,60.0
43,magic,CBM_KE,9,OK,0.866,0.9070857142857142,0.8686797752808989,0.8323076923076923,0.845791961848471,0.7000432138778694,v26 main_pc0,46.7
43,mfeat-factors,CBM_KE,0,OK,0.965,0.9952222222222222,0.9675108225108223,0.9649999999999999,0.9653197957369972,0.9613247625778186,v25(p_c=0),24.8
43,mfeat-factors,CBM_KE,1,OK,0.975,0.9983333333333334,0.9759523809523809,0.975,0.974987492182614,0.9723302649210303,v26 main_pc0,15.9
43,mfeat-factors,CBM_KE,2,OK,0.985,0.9991666666666668,0.9861471861471861,0.985,0.9849718103890119,0.9834699358669274,v26 main_pc0,16.5
43,mfeat-factors,CBM_KE,3,OK,0.96,0.9939722222222223,0.9629089026915114,0.96,0.9598927652957865,0.9559008043049492,v26 main_pc0,63.3
43,mfeat-factors,CBM_KE,4,OK,0.985,0.9999166666666666,0.9854761904761904,0.985,0.984993746091307,0.9833879675158538,v25(p_c=0),31.3
43,mfeat-factors,CBM_KE,5,OK,0.985,0.9985277777777778,0.9854761904761904,0.985,0.9849937460913072,0.9833879675158538,v25(p_c=0),31.0
43,mfeat-factors,CBM_KE,6,OK,0.97,0.9989444444444444,0.9716233766233767,0.97,0.9696847088310502,0.9669084239961102,v26 main_pc0,70.4
43,mfeat-factors,CBM_KE,7,OK,0.97,0.9944166666666666,0.9704511278195488,0.97,0.9698624140087556,0.9667472322930654,v26 main_pc0,51.0
43,mfeat-factors,CBM_KE,8,OK,0.97,0.9983333333333334,0.9738095238095237,0.97,0.9698148259123869,0.967150362802348,v26 main_pc0,21.3
43,mfeat-factors,CBM_KE,9,OK,0.95,0.9997222222222222,0.9517586786465504,0.95,0.9496549852313055,0.9447331570246982,v26 main_pc0,83.3
43,optdigits,CBM_KE,0,OK,0.9697508896797153,0.9985064004192715,0.9711555277318954,0.9698252488588242,0.9700510887598652,0.966486763466905,v26 main_pc0,38.4
43,optdigits,CBM_KE,1,OK,0.9750889679715302,0.9976766391671055,0.9754710546254426,0.9750201129783708,0.9750116649574689,0.9723707747098007,v25(p_c=0),33.4
43,optdigits,CBM_KE,2,OK,0.9750889679715302,0.9971951726609143,0.9751347753366382,0.97502677147414,0.9750027364078315,0.9723373419835788,v26 main_pc0,42.6
43,optdigits,CBM_KE,3,OK,0.9786476868327402,0.9976350303223993,0.9789576656719197,0.9786619958988378,0.9786560062458077,0.9763089207341077,v25(p_c=0),35.4
43,optdigits,CBM_KE,4,OK,0.9839857651245552,0.9982964882691847,0.9845733494535971,0.9838300296195032,0.9839766279083879,0.982257392452161,v26 main_pc0,230.1
43,optdigits,CBM_KE,5,OK,0.9715302491103203,0.9966611192388883,0.9717384370015948,0.9715817953975849,0.9716293386158312,0.9683732449673472,v26 main_pc0,211.5
43,optdigits,CBM_KE,6,OK,0.9590747330960854,0.9978833569986423,0.960118093171998,0.9588568010936432,0.9587781009278838,0.9546758264397421,v26 main_pc0,179.2
43,optdigits,CBM_KE,7,OK,0.9857651245551602,0.9992341837158545,0.9861334716263352,0.9857769423558898,0.9858493205181045,0.984207286705072,v26 main_pc0,221.3
43,optdigits,CBM_KE,8,OK,0.9786476868327402,0.9992296701866403,0.9789025965296384,0.9786619958988378,0.9786444296378685,0.9763060688190822,v25(p_c=0),45.3
43,optdigits,CBM_KE,9,OK,0.9750889679715302,0.998914572643443,0.9753259313131194,0.975091706539075,0.975087455151988,0.9723479936060602,v26 main_pc0,163.3
43,page-blocks,CBM_KE,0,OK,0.31204379562043794,0.5636861267360788,0.19762271626678407,0.11829268292682929,0.11393157656068928,0.04802753599930376,v25(p_c=0),139.7
43,page-blocks,CBM_KE,1,OK,0.25547445255474455,0.7358055950759802,0.4462200185464358,0.3737250303441749,0.2389407720868395,0.15556652629247056,v26 main_pc0,187.8
43,page-blocks,CBM_KE,2,OK,0.0948905109489051,0.9617191631388676,0.449647266313933,0.7323232323232324,0.48839123888470376,0.4252229284369648,v26 main_pc0,194.0
43,page-blocks,CBM_KE,3,OK,0.3857404021937843,0.7856556708556135,0.2704100388829975,0.42610627661544154,0.1756669867737478,0.1138378803641582,v25(p_c=0),33.1
43,page-blocks,CBM_KE,4,OK,0.09872029250457039,0.9927557645937947,0.41111211505157746,0.7878787878787878,0.4666802069289263,0.39345976543112077,v26 main_pc0,216.3
43,page-blocks,CBM_KE,5,OK,0.09506398537477148,0.9779916675152958,0.35671182266009854,0.7272727272727273,0.41999816457632305,0.3716286918685768,v26 main_pc0,153.8
43,page-blocks,CBM_KE,6,OK,0.08409506398537477,0.8569267967401185,0.4036216596343179,0.6383838383838384,0.42932970301114226,0.34688623603796326,v26 main_pc0,184.5
43,page-blocks,CBM_KE,7,OK,0.720292504570384,0.9904082713911462,0.6021895424836602,0.9029438992779115,0.6347028617623098,0.4760937796448759,v26 main_pc0,197.3
43,page-blocks,CBM_KE,8,OK,0.3016453382084095,0.7811385644850487,0.40007381630285777,0.42655210643015523,0.27346079681014474,0.20657081673153901,v26 main_pc0,156.8
43,page-blocks,CBM_KE,9,OK,0.6051188299817185,0.7953259676619184,0.2653996179306055,0.4455654101995565,0.26651893399966414,0.2504656971255689,v26 main_pc0,129.5
43,pendigits,CBM_KE,0,OK,0.981,0.9991224213492516,0.9818395713197694,0.9808014806226124,0.9810281111003845,0.9789513747570358,v26 main_pc0,241.7
43,pendigits,CBM_KE,1,OK,0.992,0.9997055186210918,0.9920437368439357,0.9920248998148844,0.991982610543977,0.9911205647276381,v25(p_c=0),79.4
43,pendigits,CBM_KE,2,OK,0.993,0.9999436760644798,0.9929789568772047,0.9927443758086731,0.9927866322342231,0.9922362081806712,v26 main_pc0,501.1
43,pendigits,CBM_KE,3,OK,0.992,0.9998087993173096,0.9920962521634392,0.991927316191304,0.991954522970874,0.9911226197873072,v26 main_pc0,258.9
43,pendigits,CBM_KE,4,OK,0.991,0.9986299146008311,0.9910528747581507,0.9906608163946743,0.990674277717007,0.9900356088330862,v25(p_c=0),111.4
43,pendigits,CBM_KE,5,OK,0.998,0.9995696721029704,0.9979486640016832,0.9979164405860012,0.9979271511230273,0.997778501366338,v26 main_pc0,347.5
43,pendigits,CBM_KE,6,OK,0.994,0.9984617651415959,0.9940774843418902,0.9940705128205127,0.9940340252129639,0.9933410014064267,v26 main_pc0,376.6
43,pendigits,CBM_KE,7,OK,0.991,0.997202134803391,0.9911049279123055,0.9908852809561571,0.9909380037418453,0.9900112582181118,v26 main_pc0,102.1
43,pendigits,CBM_KE,8,OK,0.935,0.9980947911117625,0.9383927603842379,0.9334486573509952,0.9305599415675312,0.9286935238337151,v26 main_pc0,55.1
43,pendigits,CBM_KE,9,OK,0.972,0.9990978410589134,0.9764852607709751,0.971212044534413,0.9717148493306323,0.9693741843757534,v26 main_pc0,250.5
43,phoneme,CBM_KE,0,OK,0.7985212569316081,0.8325265896144094,0.7602339181286549,0.7857354539168231,0.7694875633753816,0.5453734746796716,v25(p_c=0),179.0
43,phoneme,CBM_KE,1,OK,0.789279112754159,0.8055418354242813,0.7530289727831432,0.7846982119924923,0.762719298245614,0.5367938007602467,v25(p_c=0),174.6
43,phoneme,CBM_KE,2,OK,0.8151571164510166,0.8477065428562022,0.7767942355411338,0.7865010372419243,0.781247978262276,0.5632116319293143,v25(p_c=0),435.2
43,phoneme,CBM_KE,3,OK,0.7948243992606284,0.8402812078105965,0.7549933016684935,0.7757746386117422,0.7630909313271026,0.5303609548827808,v25(p_c=0),161.2
43,phoneme,CBM_KE,4,OK,0.7592592592592593,0.8010471204188482,0.7114467408585056,0.7203592020677314,0.715393098079917,0.43171395666761886,v25(p_c=0),154.3
43,phoneme,CBM_KE,5,OK,0.7944444444444444,0.8398999270992115,0.7521411824749996,0.7619292199615614,0.7565700500749297,0.5139772105681821,v25(p_c=0),219.8
43,phoneme,CBM_KE,6,OK,0.7611111111111111,0.8157432566770494,0.7126060606060607,0.7179567897143615,0.715104841908953,0.4305296015073246,v25(p_c=0),243.5
43,phoneme,CBM_KE,7,OK,0.7685185185185185,0.8176983232818609,0.7272911384809253,0.7510272383855789,0.7354175894386541,0.4777290730210204,v25(p_c=0),191.2
43,phoneme,CBM_KE,8,OK,0.8759259259259259,0.9174136251836446,0.8702214805825244,0.8222899024414401,0.8410306207187455,0.6908506202028547,v26 main_pc0,90.5
43,phoneme,CBM_KE,9,OK,0.7759259259259259,0.8221826045329239,0.737422876127195,0.764249987619472,0.7461291889266635,0.5009550561764629,v25(p_c=0),193.5
43,satimage,CBM_KE,0,OK,0.911353032659409,0.9817302792616608,0.8952871753092504,0.8997978342673837,0.8962834057488971,0.8914850144631327,v26 main_pc0,335.9
43,satimage,CBM_KE,1,OK,0.9191290824261276,0.9899263886589137,0.9114961554484009,0.9005451151846078,0.9053925463980433,0.9001604898508381,v26 main_pc0,314.0
43,satimage,CBM_KE,2,OK,0.9237947122861586,0.9877085864188975,0.922072090205397,0.8927615154925538,0.9027602959353352,0.9063828675581906,v26 main_pc0,214.1
43,satimage,CBM_KE,3,OK,0.9362363919129082,0.9914479934400425,0.9262136485849254,0.9266398850989965,0.9262693462153614,0.9214233226079079,v25(p_c=0),74.3
43,satimage,CBM_KE,4,OK,0.9160186625194401,0.989676879682837,0.9051920271936851,0.8864261184878036,0.8925264416360171,0.8965336487080166,v26 main_pc0,105.2
43,satimage,CBM_KE,5,OK,0.9175738724727839,0.9859455486256627,0.908961232384223,0.9030635983355927,0.9053586399224756,0.8983246734557263,v26 main_pc0,170.2
43,satimage,CBM_KE,6,OK,0.9160186625194401,0.98947766278956,0.9018112006267929,0.9084192601474229,0.9046866978977414,0.8966606563073649,v25(p_c=0),64.6
43,satimage,CBM_KE,7,OK,0.9129082426127527,0.9854871946376424,0.9011808873078944,0.8880183607089158,0.8908793394140848,0.8931012083122707,v26 main_pc0,42.5
43,satimage,CBM_KE,8,OK,0.9222395023328149,0.9864222673063493,0.9114130264068973,0.9056621427913889,0.9081961562242888,0.9040872793436202,v25(p_c=0),204.9
43,satimage,CBM_KE,9,OK,0.9082426127527217,0.9857537412518921,0.9014718133557302,0.8942204618342343,0.8962481089743163,0.8874470447579813,v25(p_c=0),130.9
43,segment,CBM_KE,0,OK,0.9004329004329005,0.9935720844811754,0.9235719684699276,0.9004329004329005,0.8978095553418365,0.8886700540836988,v26 main_pc0,62.2
43,segment,CBM_KE,1,OK,0.961038961038961,0.9954304954304954,0.9634346327894716,0.961038961038961,0.9605230955532605,0.9551094400921768,v25(p_c=0),22.0
43,segment,CBM_KE,2,OK,0.948051948051948,0.9940530849621758,0.9542398777692895,0.9480519480519481,0.9488965766034764,0.9402165622052769,v26 main_pc0,96.8
43,segment,CBM_KE,3,OK,0.974025974025974,0.9963924963924963,0.9752628324056897,0.974025974025974,0.9740654303679513,0.9698878361430061,v26 main_pc0,101.0
43,segment,CBM_KE,4,OK,0.9826839826839827,0.9968516332152696,0.9834333733493398,0.9826839826839827,0.9826053555750658,0.9799479680085481,v26 main_pc0,14.2
43,segment,CBM_KE,5,OK,0.961038961038961,0.9954960864051773,0.9616146458583434,0.961038961038961,0.9610869376453223,0.9546289449203668,v26 main_pc0,19.9
43,segment,CBM_KE,6,OK,0.961038961038961,0.9967423149241331,0.9603623267488813,0.961038961038961,0.960270946913365,0.9546915770804928,v26 main_pc0,24.2
43,segment,CBM_KE,7,OK,0.8528138528138528,0.9983383619747256,0.9144289974054137,0.8528138528138528,0.8240760680824845,0.8440802265114806,v26 main_pc0,81.1
43,segment,CBM_KE,8,OK,0.9956709956709957,0.9989505444050898,0.9957983193277311,0.9956709956709957,0.9956700016401508,0.9949712488986399,v25(p_c=0),29.1
43,segment,CBM_KE,9,OK,0.9696969696969697,0.9967860422405878,0.9703094403905764,0.9696969696969697,0.9691737302630941,0.9649207607037249,v26 main_pc0,97.0
43,spambase,CBM_KE,0,OK,0.93058568329718,0.9817440623892236,0.927370120918508,0.927370120918508,0.927370120918508,0.854740241837016,v26 main_pc0,108.3
43,spambase,CBM_KE,1,OK,0.9173913043478261,0.9734450187132418,0.9106918238993711,0.9202558466504287,0.9145416145181477,0.8308926288401866,v26 main_pc0,88.2
43,spambase,CBM_KE,2,OK,0.95,0.9809105130794669,0.9465579710144927,0.9490781995683083,0.9477724299642107,0.8956326247431259,v26 main_pc0,162.5
43,spambase,CBM_KE,3,OK,0.9456521739130435,0.9871284579892671,0.9400652985074627,0.9484049189092854,0.9436360160955932,0.8884310766559874,v26 main_pc0,186.2
43,spambase,CBM_KE,4,OK,0.9173913043478261,0.9570684568011247,0.9108885913333722,0.9192855304065427,0.9143993261640321,0.8301316545108014,v26 main_pc0,46.4
43,spambase,CBM_KE,5,OK,0.9304347826086956,0.9758015010198221,0.9238771689409584,0.9348897997980158,0.9281516624690056,0.8586963541082102,v26 main_pc0,195.2
43,spambase,CBM_KE,6,OK,0.95,0.9838016594388008,0.948015873015873,0.9471375670805362,0.9475715935163207,0.8951530092085486,v25(p_c=0),43.4
43,spambase,CBM_KE,7,OK,0.9152173913043479,0.9777619358799186,0.9090476190476191,0.9252559456622903,0.9132658734571333,0.8341461072474139,v26 main_pc0,135.6
43,spambase,CBM_KE,8,OK,0.9239130434782609,0.9721321843624001,0.917431987523826,0.9285121353466677,0.9216007090022837,0.8458715560552637,v26 main_pc0,214.3
43,spambase,CBM_KE,9,OK,0.9304347826086956,0.9760257727883627,0.9251461988304094,0.9310617440113843,0.9277921670198571,0.8561875073315355,v26 main_pc0,74.6
43,tic-tac-toe,CBM_KE,0,OK,0.9791666666666666,1.0,0.9722222222222222,0.9838709677419355,0.9775175644028102,0.9560222249632359,v26 main_pc0,36.2
43,tic-tac-toe,CBM_KE,1,OK,0.9791666666666666,0.9981024667931688,0.9722222222222222,0.9838709677419355,0.9775175644028102,0.9560222249632359,v26 main_pc0,28.9
43,tic-tac-toe,CBM_KE,2,OK,0.9166666666666666,0.9687349687349687,0.9207411219763253,0.8932178932178932,0.9047146401985111,0.81349354655993,v25(p_c=0),11.4
43,tic-tac-toe,CBM_KE,3,OK,0.9895833333333334,1.0,0.9921875,0.9848484848484849,0.9883706844336766,0.9770084209183943,v26 main_pc0,15.8
43,tic-tac-toe,CBM_KE,4,OK,0.9583333333333334,0.9826839826839826,0.9538239538239539,0.9538239538239539,0.9538239538239539,0.9076479076479076,v26 main_pc0,26.7
43,tic-tac-toe,CBM_KE,5,OK,0.96875,0.9966329966329966,0.9625237191650854,0.968975468975469,0.9656119402985075,0.9314768448173557,v26 main_pc0,13.8
43,tic-tac-toe,CBM_KE,6,OK,0.9583333333333334,0.9961519961519961,0.9538239538239539,0.9538239538239539,0.9538239538239539,0.9076479076479076,v26 main_pc0,6.5
43,tic-tac-toe,CBM_KE,7,OK,1.0,1.0,1.0,1.0,1.0,1.0,v26 main_pc0,9.4
43,tic-tac-toe,CBM_KE,8,OK,0.9894736842105263,0.9975562072336266,0.9920634920634921,0.9848484848484849,0.9883076923076923,0.9768853332428297,v26 main_pc0,9.0
43,tic-tac-toe,CBM_KE,9,OK,1.0,1.0,1.0,1.0,1.0,1.0,v26 main_pc0,12.0
43,vehicle,CBM_KE,0,OK,0.8117647058823529,0.9519300144300145,0.8100686498855836,0.8133116883116883,0.8111111111111111,0.7492148827884755,v26 main_pc0,21.4
43,vehicle,CBM_KE,1,OK,0.7529411764705882,0.9099801934176934,0.7481021394064873,0.7581168831168832,0.7445968834688347,0.6772969552029589,v26 main_pc0,30.1
43,vehicle,CBM_KE,2,OK,0.788235294117647,0.9416695630758131,0.7903194250448254,0.7888528138528138,0.7893190143190143,0.7175319779248706,v25(p_c=0),21.8
43,vehicle,CBM_KE,3,OK,0.6588235294117647,0.903352793040293,0.6406521739130435,0.6633116883116883,0.6407383597545466,0.5525597135432839,v26 main_pc0,64.7
43,vehicle,CBM_KE,4,OK,0.8470588235294118,0.9511803300865801,0.8462658622841689,0.8484848484848485,0.846170173495755,0.7967856387203829,v26 main_pc0,33.1
43,vehicle,CBM_KE,5,OK,0.7058823529411765,0.9258488906926408,0.6836645962732919,0.711038961038961,0.6907706999213571,0.6134677252513285,v26 main_pc0,26.6
43,vehicle,CBM_KE,6,OK,0.8809523809523809,0.9618101320389266,0.8814775910364145,0.8809523809523809,0.8781129653401798,0.8433140401874555,v26 main_pc0,28.7
43,vehicle,CBM_KE,7,OK,0.8095238095238095,0.9637043598418811,0.8333333333333334,0.8104351788562315,0.8053613053613053,0.7559925262907798,v26 main_pc0,37.5
43,vehicle,CBM_KE,8,OK,0.8333333333333334,0.9442509082486041,0.8334169453734671,0.83495670995671,0.8271550230037183,0.7822510788776896,v26 main_pc0,23.2
43,vehicle,CBM_KE,9,OK,0.7142857142857143,0.8805682806123835,0.7116883116883117,0.719047619047619,0.7147246306350107,0.6194706994328922,v25(p_c=0),21.3
43,wdbc,CBM_KE,0,OK,0.9649122807017544,0.955026455026455,0.9736842105263157,0.9523809523809523,0.9614864864864865,0.9258200997725514,v26 main_pc0,19.8
43,wdbc,CBM_KE,1,OK,0.9122807017543859,0.9947089947089947,0.9015151515151516,0.9206349206349206,0.9082125603864735,0.8219277191853159,v25(p_c=0),6.9
43,wdbc,CBM_KE,2,OK,0.7894736842105263,0.917989417989418,0.791871921182266,0.8134920634920635,0.78625,0.6049777875156128,v26 main_pc0,18.7
43,wdbc,CBM_KE,3,OK,0.9824561403508771,1.0,0.9772727272727273,0.9861111111111112,0.981329839502129,0.9633432944855655,v26 main_pc0,7.3
43,wdbc,CBM_KE,4,OK,1.0,1.0,1.0,1.0,1.0,1.0,v26 main_pc0,8.5
43,wdbc,CBM_KE,5,OK,0.9473684210526315,0.9973544973544973,0.9402597402597402,0.9484126984126984,0.9439895185063871,0.8886350389948482,v26 main_pc0,5.8
43,wdbc,CBM_KE,6,OK,0.9824561403508771,0.9986772486772486,0.9772727272727273,0.9861111111111112,0.981329839502129,0.9633432944855655,v26 main_pc0,18.6
43,wdbc,CBM_KE,7,OK,0.9298245614035088,0.9779220779220779,0.9259740259740259,0.9259740259740259,0.9259740259740259,0.8519480519480519,v26 main_pc0,10.3
43,wdbc,CBM_KE,8,OK,0.9473684210526315,0.9805194805194806,0.9484126984126984,0.9402597402597402,0.9439895185063871,0.8886350389948482,v26 main_pc0,12.4
43,wdbc,CBM_KE,9,OK,0.9642857142857143,0.9755102040816326,0.9565217391304348,0.9714285714285714,0.9625668449197862,0.9278305692406299,v26 main_pc0,9.0
43,wine-quality,CBM_KE,0,PARTIAL,0.01020408163265306,nan,0.1357142857142857,0.04061624649859944,0.06012506012506012,0.0473087170529518,v25(p_c=0),293.9
43,wine-quality,CBM_KE,1,PARTIAL,0.0,nan,0.0,0.0,0.0,0.0,v25(p_c=0),96.2
43,wine-quality,CBM_KE,2,PARTIAL,0.0,nan,0.0,0.0,0.0,0.0,v25(p_c=0),97.7
43,wine-quality,CBM_KE,3,OK,0.0020408163265306124,0.46122951939451795,0.00029154518950437323,0.14285714285714285,0.0005819028222286877,0.0,v25(p_c=0),93.3
43,wine-quality,CBM_KE,4,OK,0.0020408163265306124,0.5078766392817127,0.00029154518950437323,0.14285714285714285,0.0005819028222286877,0.0,v25(p_c=0),91.7
43,wine-quality,CBM_KE,5,OK,0.0020408163265306124,0.5206863017671333,0.00029154518950437323,0.14285714285714285,0.0005819028222286877,0.0,v25(p_c=0),90.1
43,wine-quality,CBM_KE,6,OK,0.0020408163265306124,0.5852147195398801,0.00029154518950437323,0.14285714285714285,0.0005819028222286877,0.0,v25(p_c=0),96.1
43,wine-quality,CBM_KE,7,OK,0.0020408163265306124,0.46334411281905935,0.00029154518950437323,0.14285714285714285,0.0005819028222286877,0.0,v25(p_c=0),100.7
43,wine-quality,CBM_KE,8,PARTIAL,0.0,nan,0.0,0.0,0.0,0.0,v25(p_c=0),90.8
43,wine-quality,CBM_KE,9,PARTIAL,0.1983640081799591,nan,0.11972600337089856,0.116104000753477,0.10155056470976133,-0.020616500632613093,v26 main_pc0,97.7
44,balance-scale,CBM_KE,0,OK,0.8095238095238095,0.8860716700473293,0.6467320261437908,0.6413793103448276,0.6396925227113907,0.6732651119331236,v26 main_pc0,32.7
44,balance-scale,CBM_KE,1,OK,0.9523809523809523,0.9925625422582827,0.9222222222222222,0.9655172413793104,0.9408430552498349,0.9185671135571714,v25(p_c=0),30.4
44,balance-scale,CBM_KE,2,OK,0.7142857142857143,0.8680189317106152,0.5997247247247247,0.5724137931034483,0.5651440757823737,0.5364662246479072,v26 main_pc0,39.8
44,balance-scale,CBM_KE,3,OK,0.8095238095238095,0.8361730899256253,0.6420634920634921,0.6413793103448275,0.6415502031915948,0.6660770222454686,v26 main_pc0,30.3
44,balance-scale,CBM_KE,4,OK,0.9682539682539683,0.99026369168357,0.9047619047619048,0.9770114942528737,0.9327485380116959,0.9468641529479986,v26 main_pc0,10.1
44,balance-scale,CBM_KE,5,OK,0.9516129032258065,0.9628178335074886,0.8666666666666667,0.8218390804597702,0.8401937046004843,0.9128044988258389,v26 main_pc0,9.7
44,balance-scale,CBM_KE,6,OK,0.967741935483871,0.9782709239445655,0.9222222222222222,0.9214285714285714,0.921623009758603,0.9438872542021794,v26 main_pc0,9.4
44,balance-scale,CBM_KE,7,OK,0.6290322580645161,0.765462761026976,0.5592185592185592,0.56559934318555,0.5392847197358476,0.41104706053080536,v26 main_pc0,23.3
44,balance-scale,CBM_KE,8,OK,0.9354838709677419,0.9846944987091245,0.8551724137931035,0.7885057471264368,0.8105362275745862,0.8859685679856297,v26 main_pc0,41.3
44,balance-scale,CBM_KE,9,OK,0.9516129032258065,0.9894736842105263,0.967741935483871,0.8551724137931034,0.8938695609079196,0.9167034059078714,v25(p_c=0),30.0
44,bank,CBM_KE,0,OK,0.876,0.8993844696969696,0.7181364442707238,0.7748106060606061,0.7409737715054437,0.48967829624741677,v26 main_pc0,398.7
44,bank,CBM_KE,1,OK,0.863,0.8093844696969698,0.700040539312649,0.7710227272727272,0.7260827230176488,0.4656845822211482,v26 main_pc0,416.5
44,bank,CBM_KE,2,OK,0.901,0.8988162878787879,0.7662736428395971,0.7566287878787878,0.7613163763486227,0.5228134742180813,v26 main_pc0,564.8
44,bank,CBM_KE,3,OK,0.901,0.9068560606060606,0.7751526840244294,0.7026515151515151,0.7309599836945444,0.472271567281185,v26 main_pc0,439.7
44,bank,CBM_KE,4,OK,0.905,0.8556586654631955,0.7758435944934801,0.785608176082889,0.7805959015314407,0.5613668529845022,v26 main_pc0,578.6
44,bank,CBM_KE,5,OK,0.888,0.8348611777094558,0.7599281524515169,0.5870777273197378,0.6151678830110364,0.30089169335092286,v26 main_pc0,120.2
44,bank,CBM_KE,6,OK,0.892,0.8998016152840851,0.7466158346436634,0.7639597965381397,0.7548218372016999,0.5102809639233072,v26 main_pc0,539.4
44,bank,CBM_KE,7,OK,0.887,0.9034496375483033,0.73498056736043,0.7432986395133463,0.7390245986637136,0.47820686883760616,v26 main_pc0,369.9
44,bank,CBM_KE,8,OK,0.879,0.5123778899764007,0.4395,0.5,0.46780202235231505,0.0,v26 main_pc0,33.6
44,bank,CBM_KE,9,OK,0.848,0.8865540292781993,0.6964057653712826,0.8137628221401103,0.729419890486261,0.49648696751267096,v25(p_c=0),321.6
44,blood,CBM_KE,0,OK,0.84,0.7655945419103314,0.855410447761194,0.685672514619883,0.7208436724565757,0.5137701881503032,v26 main_pc0,9.2
44,blood,CBM_KE,1,OK,0.7066666666666667,0.6267056530214425,0.6090909090909091,0.6169590643274854,0.612312030075188,0.225912997889962,v26 main_pc0,9.1
44,blood,CBM_KE,2,OK,0.7066666666666667,0.7889863547758285,0.6401098901098901,0.6739766081871346,0.6462264150943396,0.3122553023075242,v26 main_pc0,14.7
44,blood,CBM_KE,3,OK,0.7733333333333333,0.6671539961013645,0.6928571428571428,0.5657894736842105,0.563505648750428,0.2252817784447915,v26 main_pc0,17.7
44,blood,CBM_KE,4,OK,0.76,0.7958089668615985,0.6839622641509434,0.7090643274853801,0.6931818181818181,0.39222415548971395,v25(p_c=0),19.1
44,blood,CBM_KE,5,OK,0.7466666666666667,0.7153996101364523,0.6490872210953347,0.6432748538011696,0.6459627329192547,0.2923042921755117,v26 main_pc0,17.7
44,blood,CBM_KE,6,OK,0.8,0.76364522417154,0.7301587301587301,0.7543859649122806,0.7401247401247402,0.4839386351777002,v26 main_pc0,6.9
44,blood,CBM_KE,7,OK,0.7066666666666667,0.6954191033138403,0.6196397941680961,0.6359649122807017,0.625,0.25508284238142237,v26 main_pc0,10.0
44,blood,CBM_KE,8,OK,0.7972972972972973,0.7817337461300309,0.7122844827586207,0.7033023735810113,0.7075098814229248,0.41548977950965227,v26 main_pc0,10.7
44,blood,CBM_KE,9,OK,0.7162162162162162,0.782249742002064,0.6599378881987578,0.7125902992776059,0.6647249190938511,0.3687885221532914,v26 main_pc0,16.0
44,car,CBM_KE,0,OK,0.8670520231213873,0.9985899728945862,0.8037658802177858,0.9437910574274211,0.8137263063733652,0.7814391908545513,v25(p_c=0),22.4
44,car,CBM_KE,1,OK,0.9479768786127167,1.0,0.8012820512820512,0.981404958677686,0.865343347639485,0.8999656985203581,v25(p_c=0),18.8
44,car,CBM_KE,2,OK,0.7225433526011561,0.9983677844091684,0.6225227121259953,0.8964823055732147,0.633768115942029,0.6371525653211595,v25(p_c=0),18.3
44,car,CBM_KE,3,OK,0.9653179190751445,1.0,0.8551136363636364,0.987603305785124,0.9034479893652376,0.9307572149726557,v25(p_c=0),16.5
44,car,CBM_KE,4,OK,0.7976878612716763,0.9999025341130604,0.6588541666666667,0.9276859504132231,0.7001537110232762,0.7063564313273921,v25(p_c=0),18.3
44,car,CBM_KE,5,OK,0.861271676300578,0.9924698795180723,0.671875,0.8831168831168832,0.7197665056360708,0.7687678346669293,v25(p_c=0),16.4
44,car,CBM_KE,6,OK,0.8959537572254336,1.0,0.7222222222222222,0.9628099173553719,0.786577380952381,0.8211892260873853,v26 main_pc0,88.4
44,car,CBM_KE,7,OK,0.9132947976878613,0.9710909298806342,0.7472222222222222,0.9353600944510035,0.8011197110423117,0.8435461639625472,v25(p_c=0),21.2
44,car,CBM_KE,8,OK,0.7441860465116279,0.9432931658800782,0.591572504708098,0.9090909090909091,0.6553207331042382,0.631673368475892,v26 main_pc0,49.1
44,car,CBM_KE,9,OK,0.9186046511627907,0.9998784637822071,0.7417582417582417,0.9710743801652892,0.8096491228070176,0.8521107405936569,v25(p_c=0),19.7
44,credit-g,CBM_KE,0,OK,0.75,0.8023809523809524,0.7123552123552124,0.7357142857142858,0.7194478734148805,0.44746019799760667,v26 main_pc0,34.8
44,credit-g,CBM_KE,1,OK,0.56,0.7238095238095238,0.6041666666666666,0.6190476190476191,0.5555555555555556,0.22271770159368698,v25(p_c=0),20.8
44,credit-g,CBM_KE,2,OK,0.78,0.7952380952380952,0.7390852390852392,0.719047619047619,0.7271825396825397,0.45769444991632735,v25(p_c=0),8.2
44,credit-g,CBM_KE,3,OK,0.81,0.7876190476190476,0.78,0.75,0.7617554858934169,0.5291502622129182,v26 main_pc0,7.8
44,credit-g,CBM_KE,4,OK,0.67,0.6233333333333333,0.44736842105263164,0.4880952380952381,0.4285714285714286,-0.05006261743217588,v26 main_pc0,21.1
44,credit-g,CBM_KE,5,OK,0.67,0.7590476190476191,0.6153324287652646,0.6214285714285714,0.6176572818908586,0.2366825051781695,v26 main_pc0,21.1
44,credit-g,CBM_KE,6,OK,0.65,0.809047619047619,0.6717171717171717,0.7023809523809523,0.6419437340153453,0.37283929381053577,v26 main_pc0,28.5
44,credit-g,CBM_KE,7,OK,0.68,0.6704761904761904,0.6041666666666666,0.5904761904761905,0.5941146626078133,0.19416079083690585,v26 main_pc0,39.1
44,credit-g,CBM_KE,8,OK,0.78,0.7957142857142857,0.7574525745257452,0.680952380952381,0.6984649122807017,0.4316788451742981,v26 main_pc0,27.9
44,credit-g,CBM_KE,9,OK,0.74,0.7257142857142856,0.687110187110187,0.6714285714285715,0.6775793650793651,0.3581956564562562,v26 main_pc0,17.5
44,diabetes,CBM_KE,0,OK,0.7402597402597403,0.8511111111111112,0.7142307692307692,0.7062962962962962,0.7096530920060332,0.4204522053456932,v26 main_pc0,21.4
44,diabetes,CBM_KE,1,OK,0.7792207792207793,0.7977777777777778,0.7598270440251573,0.7448148148148148,0.7508090614886731,0.5044185153893525,v26 main_pc0,16.6
44,diabetes,CBM_KE,2,OK,0.7402597402597403,0.7696296296296297,0.7148148148148148,0.7148148148148148,0.7148148148148148,0.42962962962962964,v26 main_pc0,20.9
44,diabetes,CBM_KE,3,OK,0.7792207792207793,0.8125925925925926,0.7579185520361991,0.7533333333333333,0.7554642256678498,0.5112313234371975,v26 main_pc0,14.4
44,diabetes,CBM_KE,4,OK,0.7012987012987013,0.7740740740740739,0.68125,0.6933333333333334,0.6840321141837645,0.37438839013338365,v26 main_pc0,24.1
44,diabetes,CBM_KE,5,OK,0.7662337662337663,0.8466666666666667,0.7464936886395512,0.7603703703703704,0.7510775862068966,0.5066740688254677,v26 main_pc0,26.4
44,diabetes,CBM_KE,6,OK,0.7662337662337663,0.8066666666666666,0.7438461538461538,0.7348148148148148,0.7386877828054299,0.4785757597651158,v26 main_pc0,22.1
44,diabetes,CBM_KE,7,OK,0.7012987012987013,0.76,0.6993927125506073,0.7188888888888889,0.6938634399308556,0.41782699435409404,v26 main_pc0,16.3
44,diabetes,CBM_KE,8,OK,0.7236842105263158,0.7861538461538461,0.6973587674247982,0.706923076923077,0.7008434864104967,0.4041686945486262,v26 main_pc0,38.3
44,diabetes,CBM_KE,9,OK,0.7631578947368421,0.8461538461538463,0.7492997198879552,0.7738461538461539,0.7521739130434782,0.5225696870130913,v26 main_pc0,20.9
44,kr-vs-kp,CBM_KE,0,OK,0.996875,0.9946381746311299,0.9970238095238095,0.9967320261437909,0.996868118424272,0.9937557928313525,v26 main_pc0,24.3
44,kr-vs-kp,CBM_KE,1,OK,1.0,1.0,1.0,1.0,1.0,1.0,v26 main_pc0,56.5
44,kr-vs-kp,CBM_KE,2,OK,0.990625,0.9994520762396775,0.9904944453137224,0.9907440021916951,0.9906095020101535,0.9812384157707068,v26 main_pc0,55.4
44,kr-vs-kp,CBM_KE,3,OK,0.98125,0.99780830495871,0.9812140425032287,0.9812140425032287,0.9812140425032287,0.9624280850064577,v26 main_pc0,132.3
44,kr-vs-kp,CBM_KE,4,OK,0.996875,0.9987476028335486,0.9970238095238095,0.9967320261437909,0.996868118424272,0.9937557928313525,v25(p_c=0),69.2
44,kr-vs-kp,CBM_KE,5,OK,0.9875,0.9996477632969356,0.987476028335486,0.987476028335486,0.987476028335486,0.9749520566709717,v26 main_pc0,20.7
44,kr-vs-kp,CBM_KE,6,OK,0.9937304075235109,0.9999606051055784,0.9935064935064934,0.9940119760479043,0.9937199779510197,0.9875183401833406,v26 main_pc0,126.5
44,kr-vs-kp,CBM_KE,7,OK,0.9968652037617555,0.9989363378506146,0.9970238095238095,0.9967105263157895,0.9968572976700655,0.9937342864569987,v26 main_pc0,109.5
44,kr-vs-kp,CBM_KE,8,OK,0.987460815047022,0.9995666561613614,0.9874330286794831,0.9874330286794831,0.9874330286794831,0.9748660573589663,v25(p_c=0),42.2
44,kr-vs-kp,CBM_KE,9,OK,0.987460815047022,0.9995275218521142,0.9874399559020395,0.9874399559020395,0.9874399559020395,0.9748799118040791,v25(p_c=0),46.8
44,magic,CBM_KE,0,OK,0.873,0.9132656420792014,0.8674496025378557,0.8498303328811803,0.85737372239985,0.7170635028304689,v26 main_pc0,392.0
44,magic,CBM_KE,1,OK,0.863,0.922734515954855,0.8575208706022659,0.8368934894358624,0.8454476434149979,0.694107927179469,v25(p_c=0),58.8
44,magic,CBM_KE,2,OK,0.858,0.8972076260211853,0.849916451465897,0.8336954947124439,0.8406463920996521,0.6834194711300969,v25(p_c=0),65.7
44,magic,CBM_KE,3,OK,0.861,0.9112989960447587,0.853125,0.8373149135861,0.8441282902667648,0.6902588756693869,v26 main_pc0,156.4
44,magic,CBM_KE,4,OK,0.883,0.935969868173258,0.876270325203252,0.8640753471261946,0.8695592552167937,0.7402452276419217,v26 main_pc0,104.5
44,magic,CBM_KE,5,OK,0.858,0.9056975667145158,0.8750361889722331,0.8127647619173043,0.831905715679172,0.6849762166798893,v26 main_pc0,90.6
44,magic,CBM_KE,6,OK,0.879,0.9146177112278808,0.8802380952380953,0.8505283166300115,0.8622180166454301,0.7301622270219449,v26 main_pc0,64.3
44,magic,CBM_KE,7,OK,0.867,0.9163077976637299,0.8639835376994217,0.8393210681346275,0.8492663350526037,0.7028720589000198,v26 main_pc0,52.4
44,magic,CBM_KE,8,OK,0.882,0.8839472527472527,0.8948744244032898,0.8452747252747252,0.8625708109719737,0.7384853645235256,v26 main_pc0,73.8
44,magic,CBM_KE,9,OK,0.866,0.8950153846153847,0.858960880872019,0.8421978021978023,0.849400298502095,0.7009582712526959,v25(p_c=0),53.4
44,mfeat-factors,CBM_KE,0,OK,0.985,0.9997499999999999,0.9854761904761904,0.985,0.984993746091307,0.9833879675158538,v26 main_pc0,16.8
44,mfeat-factors,CBM_KE,1,OK,0.98,0.9990833333333334,0.9813852813852814,0.9799999999999999,0.9801036362011972,0.9779136085456454,v26 main_pc0,18.8
44,mfeat-factors,CBM_KE,2,OK,0.995,0.9998333333333334,0.9952380952380953,0.9949999999999999,0.9949968730456534,0.9944720690522652,v26 main_pc0,35.5
44,mfeat-factors,CBM_KE,3,OK,0.965,0.9973333333333333,0.9669063964258472,0.9649999999999999,0.9650682839565426,0.9613247625778186,v26 main_pc0,66.3
44,mfeat-factors,CBM_KE,4,OK,0.93,0.9929166666666669,0.9332373753884052,0.9299999999999999,0.9301391694253741,0.9225554274105905,v26 main_pc0,103.9
44,mfeat-factors,CBM_KE,5,OK,0.975,0.999,0.9757142857142856,0.9749999999999999,0.9749906191369606,0.9723032508694623,v26 main_pc0,75.2
44,mfeat-factors,CBM_KE,6,OK,0.96,0.9993333333333334,0.9633418031244119,0.96,0.9594449307016104,0.9560336919655393,v26 main_pc0,71.9
44,mfeat-factors,CBM_KE,7,OK,0.935,0.9955833333333335,0.9361654135338346,0.9349999999999998,0.9346873890776329,0.92795823164643,v26 main_pc0,38.4
44,mfeat-factors,CBM_KE,8,OK,0.975,0.9951388888888889,0.9751587301587301,0.975,0.9745925084756919,0.9723302649210303,v25(p_c=0),64.4
44,mfeat-factors,CBM_KE,9,OK,0.97,0.9966944444444445,0.9711904761904762,0.97,0.9701094434021262,0.9667740919786244,v25(p_c=0),40.3
44,optdigits,CBM_KE,0,OK,0.9768683274021353,0.9986230927050144,0.9778129096850835,0.976780077152128,0.9769672394218674,0.9743682727880015,v26 main_pc0,179.7
44,optdigits,CBM_KE,1,OK,0.9697508896797153,0.9991696077719039,0.9703781506186224,0.9699742106048822,0.9697609187942009,0.9664853615148882,v25(p_c=0),142.2
44,optdigits,CBM_KE,2,OK,0.9822064056939501,0.9996813309150465,0.9825697352674497,0.9822357028935975,0.9823424975322139,0.9802425358385125,v26 main_pc0,194.8
44,optdigits,CBM_KE,3,OK,0.9750889679715302,0.9993088897667475,0.9758131221470604,0.9751856915014809,0.975163082256274,0.9723961797739068,v26 main_pc0,29.4
44,optdigits,CBM_KE,4,OK,0.9697508896797153,0.9976626506853261,0.9704034296729549,0.9696673501936658,0.9697438414361612,0.9664492387498382,v26 main_pc0,75.4
44,optdigits,CBM_KE,5,OK,0.9750889679715302,0.9994014351811991,0.9758123757670039,0.9752170198222829,0.975269906438119,0.9723753615262509,v25(p_c=0),166.5
44,optdigits,CBM_KE,6,OK,0.9715302491103203,0.9979308773881638,0.9726689762788213,0.9716791979949875,0.9716828654597736,0.9684798669561124,v26 main_pc0,54.5
44,optdigits,CBM_KE,7,OK,0.9768683274021353,0.9990558788051886,0.9768336113708166,0.9768472317156528,0.9767480006908128,0.9743182916526654,v26 main_pc0,186.5
44,optdigits,CBM_KE,8,OK,0.9804270462633452,0.998233042956365,0.9806312367473892,0.9804499886078833,0.9804165393593512,0.9782796835952474,v26 main_pc0,65.4
44,optdigits,CBM_KE,9,OK,0.9644128113879004,0.9977252372540972,0.9648973897896097,0.9645329232171338,0.9644794116633332,0.9605125221858918,v26 main_pc0,171.7
44,page-blocks,CBM_KE,0,OK,0.10948905109489052,0.991980789800491,0.4341306470506182,0.7736788617886179,0.2999085065759335,0.27481843627720726,v26 main_pc0,50.7
44,page-blocks,CBM_KE,1,OK,0.21350364963503649,0.6022297928317222,0.27669426867362423,0.22861198543479602,0.14736765173997263,0.07228233870561125,v26 main_pc0,119.3
44,page-blocks,CBM_KE,2,OK,0.09854014598540146,0.9773162100468047,0.3763483642793987,0.7656565656565657,0.44422411603551887,0.39157309172492044,v25(p_c=0),159.3
44,page-blocks,CBM_KE,3,OK,0.42230347349177333,0.8079227119336705,0.333816841938536,0.6175687629862783,0.3082456781806488,0.28197004711852797,v26 main_pc0,58.5
44,page-blocks,CBM_KE,4,OK,0.25045703839122485,0.6131295164330546,0.26457535906482765,0.14304758378078133,0.1367269439421338,0.022812337195115988,v26 main_pc0,191.3
44,page-blocks,CBM_KE,5,OK,0.23948811700182815,0.759447656474382,0.21379288274449562,0.2876710074266082,0.10447722165632908,0.07955594548455037,v25(p_c=0),66.1
44,page-blocks,CBM_KE,6,OK,0.10237659963436929,0.9973078329836523,0.5409768009768009,0.7765722397086959,0.41712696614548406,0.3718708091100126,v26 main_pc0,56.5
44,page-blocks,CBM_KE,7,OK,0.08957952468007313,0.9640359519906161,0.4518202681483271,0.7212121212121213,0.4835755106790905,0.40843099966217344,v25(p_c=0),164.9
44,page-blocks,CBM_KE,8,OK,0.36745886654478976,0.619309357995489,0.26662337662337665,0.20753880266075386,0.16225632429461395,0.07765791822603382,v26 main_pc0,167.7
44,page-blocks,CBM_KE,9,OK,0.16453382084095064,0.7311289563561754,0.36135852911133814,0.25491500369549147,0.20117457486585005,0.11374186865560705,v25(p_c=0),152.5
44,pendigits,CBM_KE,0,OK,0.992,0.9985609293423565,0.9919781768982897,0.9919159827105434,0.9919004721423696,0.9911192856364438,v26 main_pc0,176.2
44,pendigits,CBM_KE,1,OK,0.924,0.9955535941891549,0.9325295788123246,0.92224094028466,0.9178166562596827,0.9171348458153229,v26 main_pc0,377.9
44,pendigits,CBM_KE,2,OK,0.947,0.9996956454788005,0.9568084270828333,0.9444947705802968,0.9393239689544947,0.9430441727220121,v26 main_pc0,68.2
44,pendigits,CBM_KE,3,OK,0.979,0.9993271113676322,0.9800853179424609,0.978297546751494,0.9781913191972593,0.9768599509542829,v26 main_pc0,430.9
44,pendigits,CBM_KE,4,OK,0.989,0.9999168079303656,0.9893691308299021,0.9886943319838057,0.988821835887818,0.9878191935434294,v26 main_pc0,444.2
44,pendigits,CBM_KE,5,OK,0.967,0.9991014367803246,0.9694391797200895,0.9660881573715508,0.96577050450488,0.9637356697677455,v26 main_pc0,548.8
44,pendigits,CBM_KE,6,OK,0.982,0.999390630107438,0.982206881695696,0.9817307692307693,0.9816679787781799,0.980061861059622,v26 main_pc0,71.2
44,pendigits,CBM_KE,7,OK,0.994,0.9997223105903836,0.9942054132973945,0.9941319703759024,0.9941446485904313,0.9933376230673229,v26 main_pc0,397.8
44,pendigits,CBM_KE,8,OK,0.988,0.9997496383534266,0.9878437070900871,0.9874671052631578,0.987516047100749,0.986692437017095,v26 main_pc0,98.6
44,pendigits,CBM_KE,9,OK,0.964,0.9988833252525856,0.9682860068227008,0.9629324630190114,0.9626732988752431,0.9606068593680823,v25(p_c=0),57.9
44,phoneme,CBM_KE,0,OK,0.8761552680221811,0.9317231387269913,0.8537579488567176,0.844380783035332,0.8488328933485139,0.6980757535747804,v25(p_c=0),62.3
44,phoneme,CBM_KE,1,OK,0.8502772643253235,0.9147815206295894,0.81938156167979,0.8205489150120189,0.8199608047757367,0.6399294119551027,v26 main_pc0,342.6
44,phoneme,CBM_KE,2,OK,0.9205175600739371,0.9497184629062532,0.9060273060273061,0.9014949455036385,0.9037147410028766,0.8075095320958693,v25(p_c=0),65.3
44,phoneme,CBM_KE,3,OK,0.8798521256931608,0.9379959827455628,0.8573777643545086,0.8506700912114327,0.8539034553816625,0.7080160823685672,v26 main_pc0,483.5
44,phoneme,CBM_KE,4,OK,0.8833333333333333,0.9309099343892903,0.8603686635944701,0.8563026045463582,0.8582919219730829,0.7166597335851934,v25(p_c=0),62.2
44,phoneme,CBM_KE,5,OK,0.912962962962963,0.9517529325999072,0.8965647255969836,0.8920902644310424,0.8942812751227762,0.7886422969213486,v26 main_pc0,330.5
44,phoneme,CBM_KE,6,OK,0.8870370370370371,0.9411160448008484,0.8631456445302828,0.864487374908874,0.8638117012787808,0.7276317823856621,v25(p_c=0),50.3
44,phoneme,CBM_KE,7,OK,0.9018518518518519,0.9546192590628935,0.8764085009271145,0.8935151434820068,0.8841666025845984,0.7697335779350685,v25(p_c=0),79.3
44,phoneme,CBM_KE,8,OK,0.8907407407407407,0.9328645240099704,0.8742760617760618,0.858441043926113,0.8657457934946126,0.7325459775319662,v25(p_c=0),66.1
44,phoneme,CBM_KE,9,OK,0.9111111111111111,0.9563875270308192,0.9054551271796512,0.8765413757242608,0.8892307692307693,0.7814617876331025,v25(p_c=0),73.3
44,satimage,CBM_KE,0,OK,0.9066874027993779,0.9903923790039156,0.8960913535362436,0.9071314863939198,0.8994720288090171,0.8860847432869452,v25(p_c=0),205.8
44,satimage,CBM_KE,1,OK,0.9300155520995335,0.9911581472723067,0.9209729202609998,0.9136601513305839,0.9151227242092883,0.913959723980633,v26 main_pc0,346.8
44,satimage,CBM_KE,2,OK,0.8040435458786936,0.9776930564074379,0.8487753836377689,0.7184098638254034,0.7037002440542791,0.7641666128115443,v25(p_c=0),42.8
44,satimage,CBM_KE,3,OK,0.9144634525660964,0.9849946045657106,0.9018458393458393,0.8997211692053494,0.9006454574735385,0.8944600997855414,v26 main_pc0,180.1
44,satimage,CBM_KE,4,OK,0.8118195956454122,0.9849560314288622,0.8490184285242321,0.7403649471074356,0.7130478703702777,0.7757076755237249,v26 main_pc0,102.6
44,satimage,CBM_KE,5,OK,0.9129082426127527,0.9805514573064119,0.8969910840740516,0.8993290568926607,0.8975463865489441,0.8927660541703003,v26 main_pc0,326.0
44,satimage,CBM_KE,6,OK,0.8227060653188181,0.980531312661172,0.8631164904449219,0.7467565623057352,0.7300881023594963,0.787574925606536,v25(p_c=0),52.9
44,satimage,CBM_KE,7,OK,0.9253499222395023,0.9910846133050785,0.9135337133474054,0.9161760760642285,0.9143925324681197,0.9081635665076396,v26 main_pc0,314.1
44,satimage,CBM_KE,8,OK,0.8180404354587869,0.9836132321665136,0.8730732020489157,0.7442983061769309,0.7293728609739332,0.7831993726910257,v25(p_c=0),45.0
44,satimage,CBM_KE,9,OK,0.8242612752721618,0.9816246538728963,0.859165847498037,0.758981252406928,0.7432673749443935,0.7899326887447747,v25(p_c=0),49.5
44,segment,CBM_KE,0,OK,0.9826839826839827,0.9993003629367266,0.9826839826839827,0.9826839826839827,0.9826839826839827,0.9797979797979798,v26 main_pc0,28.9
44,segment,CBM_KE,1,OK,0.961038961038961,0.9990161353797717,0.96312525010004,0.961038961038961,0.9603760517834649,0.9550676290982157,v26 main_pc0,28.7
44,segment,CBM_KE,2,OK,0.9567099567099567,0.996436223708951,0.9614079252390612,0.9567099567099567,0.9570887944028456,0.9502431725815066,v26 main_pc0,114.9
44,segment,CBM_KE,3,OK,0.9696969696969697,0.9987537714810443,0.9701278751969996,0.9696969696969697,0.9696730965113318,0.9647308385174076,v26 main_pc0,109.0
44,segment,CBM_KE,4,OK,0.9567099567099567,0.9932222659495388,0.957498861613611,0.9567099567099567,0.9563870805905414,0.9497233856703935,v26 main_pc0,105.7
44,segment,CBM_KE,5,OK,0.9696969696969697,0.9994971358607722,0.9699124224469847,0.9696969696969697,0.9695537305831424,0.9647308385174076,v26 main_pc0,47.8
44,segment,CBM_KE,6,OK,0.961038961038961,0.9996501814683632,0.9646363808681367,0.961038961038961,0.9596369351710152,0.9555278522733248,v26 main_pc0,111.6
44,segment,CBM_KE,7,OK,0.974025974025974,0.9957803139621323,0.975030012004802,0.974025974025974,0.9737229464579432,0.9699514833416928,v26 main_pc0,65.0
44,segment,CBM_KE,8,OK,0.9134199134199135,0.9878000787091696,0.9151352104117081,0.9134199134199135,0.912667759411457,0.8995604427029295,v26 main_pc0,53.1
44,segment,CBM_KE,9,OK,0.9696969696969697,0.9995845904936813,0.9721642956937074,0.9696969696969697,0.9695842996762287,0.9650896746237416,v26 main_pc0,30.9
44,spambase,CBM_KE,0,OK,0.9566160520607375,0.9667178699436764,0.9573066188197767,0.9517409114183308,0.9543365426522445,0.90903049186104,v26 main_pc0,215.2
44,spambase,CBM_KE,1,OK,0.9543478260869566,0.98643537495792,0.9517946082694284,0.9526624289589893,0.9522233927326142,0.9044566208941467,v25(p_c=0),27.4
44,spambase,CBM_KE,2,OK,0.9347826086956522,0.9707122913325017,0.9316818154814948,0.9316818154814948,0.9316818154814948,0.8633636309629894,v26 main_pc0,118.5
44,spambase,CBM_KE,3,OK,0.9434782608695652,0.9812273510366543,0.9424247868878641,0.9388502742628566,0.9405554782401241,0.8812678118856381,v26 main_pc0,201.7
44,spambase,CBM_KE,4,OK,0.9434782608695652,0.975385651201014,0.9415694148989046,0.9398205905067427,0.9406746031746032,0.8813882704246819,v26 main_pc0,217.2
44,spambase,CBM_KE,5,OK,0.9369565217391305,0.9759995247430642,0.9319070713391739,0.9373551951523793,0.9343888175723862,0.8692451931951928,v26 main_pc0,136.9
44,spambase,CBM_KE,6,OK,0.9456521739130435,0.9762569555832789,0.9442784285600446,0.9416127052020832,0.942899418567123,0.8858871230565026,v26 main_pc0,147.9
44,spambase,CBM_KE,7,OK,0.9369565217391305,0.9767322125190598,0.9324032650498391,0.9363848789084932,0.9342698483870491,0.8687790201389791,v26 main_pc0,29.3
44,spambase,CBM_KE,8,OK,0.9369565217391305,0.9727053522017551,0.9379972205997865,0.9298165862914065,0.9334912127633055,0.8677752477763452,v26 main_pc0,166.3
44,spambase,CBM_KE,9,OK,0.9391304347826087,0.9732587556328565,0.9388204225352113,0.9335125306348329,0.9359828227201337,0.8723168045325874,v26 main_pc0,217.4
44,tic-tac-toe,CBM_KE,0,OK,1.0,1.0,1.0,1.0,1.0,1.0,v26 main_pc0,31.4
44,tic-tac-toe,CBM_KE,1,OK,0.9895833333333334,1.0,0.9920634920634921,0.9852941176470589,0.9885373134328358,0.977334166408364,v26 main_pc0,30.2
44,tic-tac-toe,CBM_KE,2,OK,0.9895833333333334,0.9990379990379991,0.9921875,0.9848484848484849,0.9883706844336766,0.9770084209183943,v26 main_pc0,17.2
44,tic-tac-toe,CBM_KE,3,OK,0.9791666666666666,0.9884559884559884,0.976911976911977,0.976911976911977,0.976911976911977,0.9538239538239538,v26 main_pc0,57.9
44,tic-tac-toe,CBM_KE,4,OK,0.9375,0.9338624338624338,0.9565217391304348,0.9090909090909092,0.9272727272727272,0.8643121965600912,v26 main_pc0,21.9
44,tic-tac-toe,CBM_KE,5,OK,1.0,1.0,1.0,1.0,1.0,1.0,v26 main_pc0,14.7
44,tic-tac-toe,CBM_KE,6,OK,0.8333333333333334,0.9466089466089466,0.8248366013071895,0.8585858585858586,0.8272604588394061,0.6825886362366452,v25(p_c=0),12.6
44,tic-tac-toe,CBM_KE,7,OK,0.9895833333333334,0.9826839826839827,0.9921875,0.9848484848484849,0.9883706844336766,0.9770084209183943,v26 main_pc0,23.9
44,tic-tac-toe,CBM_KE,8,OK,1.0,1.0,1.0,1.0,1.0,1.0,v26 main_pc0,30.8
44,tic-tac-toe,CBM_KE,9,OK,0.9894736842105263,1.0,0.9852941176470589,0.9919354838709677,0.9884722727824293,0.9772070335081308,v26 main_pc0,38.0
44,vehicle,CBM_KE,0,OK,0.7647058823529411,0.914614898989899,0.7669956140350876,0.7667748917748918,0.7663043478260869,0.686506891705572,v26 main_pc0,36.8
44,vehicle,CBM_KE,1,OK,0.788235294117647,0.9390216901154401,0.7825522430785589,0.7911255411255411,0.78123092001671,0.7215675537434602,v26 main_pc0,46.1
44,vehicle,CBM_KE,2,OK,0.8235294117647058,0.9415809884559885,0.828416149068323,0.8235930735930737,0.8173015873015872,0.7704397086159532,v26 main_pc0,25.6
44,vehicle,CBM_KE,3,OK,0.8352941176470589,0.9462256493506493,0.8318907446481816,0.837121212121212,0.83380142892338,0.7807132179996146,v25(p_c=0),31.4
44,vehicle,CBM_KE,4,OK,0.7764705882352941,0.950012869075369,0.7745614035087718,0.7792207792207793,0.7731081579918789,0.7044581610134696,v25(p_c=0),15.5
44,vehicle,CBM_KE,5,OK,0.788235294117647,0.9151175907425908,0.7790062111801243,0.7895021645021645,0.7761245022501826,0.7220000341113031,v26 main_pc0,21.0
44,vehicle,CBM_KE,6,OK,0.8928571428571429,0.969198790627362,0.8958333333333334,0.8928571428571429,0.8923076923076924,0.8585507639144816,v25(p_c=0),14.5
44,vehicle,CBM_KE,7,OK,0.6904761904761905,0.9005639200946016,0.6840460526315789,0.6962576896787424,0.6823380233200516,0.5919657812184126,v26 main_pc0,12.2
44,vehicle,CBM_KE,8,OK,0.6428571428571429,0.9000610653800458,0.6431471261273388,0.6482142857142856,0.6425567723117789,0.5255203938467959,v26 main_pc0,18.1
44,vehicle,CBM_KE,9,OK,0.8690476190476191,0.9657758183103806,0.8722826086956521,0.8717532467532467,0.8718157181571815,0.8254539168303556,v25(p_c=0),11.7
44,wdbc,CBM_KE,0,OK,0.9824561403508771,1.0,0.9864864864864865,0.9761904761904762,0.9809555629802873,0.962621902223779,v26 main_pc0,11.0
44,wdbc,CBM_KE,1,OK,0.9649122807017544,0.9854497354497355,0.9565217391304348,0.9722222222222222,0.9629870129870131,0.9286112429750731,v26 main_pc0,27.6
44,wdbc,CBM_KE,2,OK,0.9649122807017544,0.976190476190476,0.9623015873015872,0.9623015873015872,0.9623015873015872,0.9246031746031746,v26 main_pc0,8.2
44,wdbc,CBM_KE,3,OK,0.9298245614035088,0.9682539682539683,0.9342105263157894,0.9146825396825397,0.922972972972973,0.8486684247915055,v25(p_c=0),13.0
44,wdbc,CBM_KE,4,OK,0.9824561403508771,1.0,0.9772727272727273,0.9861111111111112,0.981329839502129,0.9633432944855655,v26 main_pc0,20.6
44,wdbc,CBM_KE,5,OK,0.9649122807017544,0.9973544973544973,0.9623015873015872,0.9623015873015872,0.9623015873015872,0.9246031746031746,v26 main_pc0,9.3
44,wdbc,CBM_KE,6,OK,0.9473684210526315,0.988095238095238,0.9402597402597402,0.9484126984126984,0.9439895185063871,0.8886350389948482,v26 main_pc0,10.6
44,wdbc,CBM_KE,7,OK,0.9824561403508771,0.9948051948051948,0.9782608695652174,0.9857142857142858,0.9816425120772947,0.9639463400956773,v26 main_pc0,10.8
44,wdbc,CBM_KE,8,OK,0.9298245614035088,0.9701298701298702,0.9259740259740259,0.9259740259740259,0.9259740259740259,0.8519480519480519,v26 main_pc0,9.7
44,wdbc,CBM_KE,9,OK,0.9464285714285714,0.9972789115646258,0.9375,0.9571428571428571,0.9442786069651741,0.8944271909999159,v26 main_pc0,10.8
44,wine-quality,CBM_KE,0,PARTIAL,0.32448979591836735,nan,0.11801601533770215,0.13731245923026744,0.11451321503165793,0.06270255726522873,v26 main_pc0,16.9
44,wine-quality,CBM_KE,1,PARTIAL,0.31020408163265306,nan,0.11064811101307452,0.13078930202217873,0.11240303948003068,0.0423695927381816,v26 main_pc0,19.5
44,wine-quality,CBM_KE,2,PARTIAL,0.3142857142857143,nan,0.11615973823157581,0.13425884460367218,0.11176548503737445,0.05808436020516412,v26 main_pc0,15.8
44,wine-quality,CBM_KE,3,OK,0.3142857142857143,0.5333059576284399,0.11585485844334739,0.1335871025526198,0.11240233526358616,0.055842560673966306,v26 main_pc0,15.9
44,wine-quality,CBM_KE,4,OK,0.2755102040816326,0.5346742080715081,0.09818317570930812,0.11789072995969549,0.0979885831883774,-0.010630987201255764,v26 main_pc0,16.2
44,wine-quality,CBM_KE,5,OK,0.3081632653061224,0.5495277951271552,0.11441943619779953,0.27317203344600605,0.11190743080144003,0.047018978109234597,v26 main_pc0,16.0
44,wine-quality,CBM_KE,6,OK,0.1673469387755102,0.5190075380934339,0.1251023503748754,0.21717665895748087,0.07504552370974582,0.04403868335322356,v26 main_pc0,94.9
44,wine-quality,CBM_KE,7,OK,0.14285714285714285,0.5402101927583213,0.09954662439279308,0.2060932218466465,0.06557899755646938,0.006312142893060677,v26 main_pc0,101.5
44,wine-quality,CBM_KE,8,PARTIAL,0.27607361963190186,nan,0.10139790917211908,0.11958726205301548,0.09570040638748803,0.0009618591855279099,v26 main_pc0,19.6
44,wine-quality,CBM_KE,9,PARTIAL,0.16155419222903886,nan,0.11392603018218782,0.07302081480163672,0.07120678877557138,0.03228857646514174,v26 main_pc0,94.5
