seed,dataset,algorithm,fold
42,magic,CBM_KE,6
42,magic,CBM_KE,3
42,pendigits,CBM_KE,6
42,magic,CBM_KE,7
42,magic,CBM_KE,5
42,magic,CBM_KE,0
42,pendigits,CBM_KE,1
42,magic,CBM_KE,1
42,magic,CBM_KE,4
42,bank,CBM_KE,3
42,magic,CBM_KE,9
42,pendigits,CBM_KE,2
42,bank,CBM_KE,5
42,magic,CBM_KE,2
42,pendigits,CBM_KE,7
42,bank,CBM_KE,7
42,magic,CBM_KE,8
42,pendigits,CBM_KE,0
42,pendigits,CBM_KE,4
42,pendigits,CBM_KE,9
42,bank,CBM_KE,4
42,bank,CBM_KE,9
42,pendigits,CBM_KE,5
42,pendigits,CBM_KE,3
42,bank,CBM_KE,2
42,pendigits,CBM_KE,8
42,bank,CBM_KE,8
42,bank,CBM_KE,1
42,bank,CBM_KE,6
42,satimage,CBM_KE,4
42,phoneme,CBM_KE,9
42,satimage,CBM_KE,9
42,phoneme,CBM_KE,4
42,phoneme,CBM_KE,8
42,satimage,CBM_KE,3
42,phoneme,CBM_KE,7
42,satimage,CBM_KE,0
42,wine-quality,CBM_KE,9
42,satimage,CBM_KE,7
42,page-blocks,CBM_KE,3
42,phoneme,CBM_KE,6
42,page-blocks,CBM_KE,9
42,satimage,CBM_KE,6
42,page-blocks,CBM_KE,7
42,page-blocks,CBM_KE,0
42,satimage,CBM_KE,1
42,satimage,CBM_KE,2
42,satimage,CBM_KE,8
42,wine-quality,CBM_KE,8
42,satimage,CBM_KE,5
42,spambase,CBM_KE,1
42,optdigits,CBM_KE,2
42,wine-quality,CBM_KE,4
42,wine-quality,CBM_KE,3
42,spambase,CBM_KE,6
42,wine-quality,CBM_KE,1
42,page-blocks,CBM_KE,1
42,page-blocks,CBM_KE,6
42,wine-quality,CBM_KE,2
42,wine-quality,CBM_KE,0
42,page-blocks,CBM_KE,5
42,page-blocks,CBM_KE,2
42,optdigits,CBM_KE,7
42,page-blocks,CBM_KE,4
42,phoneme,CBM_KE,2
42,optdigits,CBM_KE,1
42,optdigits,CBM_KE,4
42,phoneme,CBM_KE,5
42,page-blocks,CBM_KE,8
42,phoneme,CBM_KE,1
42,phoneme,CBM_KE,0
42,phoneme,CBM_KE,3
42,spambase,CBM_KE,7
42,optdigits,CBM_KE,6
42,optdigits,CBM_KE,9
42,spambase,CBM_KE,2
42,spambase,CBM_KE,8
42,spambase,CBM_KE,9
42,optdigits,CBM_KE,0
42,wine-quality,CBM_KE,7
42,optdigits,CBM_KE,5
42,wine-quality,CBM_KE,5
42,optdigits,CBM_KE,8
42,optdigits,CBM_KE,3
42,spambase,CBM_KE,0
42,wine-quality,CBM_KE,6
42,spambase,CBM_KE,5
42,spambase,CBM_KE,3
42,spambase,CBM_KE,4
42,bank,CBM_KE,0
42,kr-vs-kp,CBM_KE,8
42,kr-vs-kp,CBM_KE,6
42,kr-vs-kp,CBM_KE,5
42,kr-vs-kp,CBM_KE,4
42,kr-vs-kp,CBM_KE,9
42,kr-vs-kp,CBM_KE,3
42,kr-vs-kp,CBM_KE,0
42,kr-vs-kp,CBM_KE,1
42,kr-vs-kp,CBM_KE,2
42,kr-vs-kp,CBM_KE,7
42,segment,CBM_KE,5
42,segment,CBM_KE,1
42,car,CBM_KE,0
42,car,CBM_KE,4
42,car,CBM_KE,1
42,segment,CBM_KE,3
42,segment,CBM_KE,7
42,car,CBM_KE,7
42,segment,CBM_KE,9
42,car,CBM_KE,5
42,car,CBM_KE,2
42,car,CBM_KE,3
42,segment,CBM_KE,4
42,car,CBM_KE,6
42,mfeat-factors,CBM_KE,4
42,segment,CBM_KE,8
42,car,CBM_KE,8
42,car,CBM_KE,9
42,segment,CBM_KE,2
42,segment,CBM_KE,0
42,segment,CBM_KE,6
42,mfeat-factors,CBM_KE,5
42,mfeat-factors,CBM_KE,7
42,mfeat-factors,CBM_KE,3
42,mfeat-factors,CBM_KE,6
42,mfeat-factors,CBM_KE,2
42,mfeat-factors,CBM_KE,1
42,mfeat-factors,CBM_KE,0
42,mfeat-factors,CBM_KE,8
42,mfeat-factors,CBM_KE,9
42,vehicle,CBM_KE,7
42,vehicle,CBM_KE,2
42,vehicle,CBM_KE,6
42,vehicle,CBM_KE,5
42,vehicle,CBM_KE,3
42,vehicle,CBM_KE,9
42,vehicle,CBM_KE,4
42,vehicle,CBM_KE,8
42,vehicle,CBM_KE,0
42,vehicle,CBM_KE,1
42,credit-g,CBM_KE,6
42,credit-g,CBM_KE,3
42,credit-g,CBM_KE,1
42,credit-g,CBM_KE,8
42,tic-tac-toe,CBM_KE,0
42,credit-g,CBM_KE,5
42,credit-g,CBM_KE,4
42,tic-tac-toe,CBM_KE,2
42,tic-tac-toe,CBM_KE,5
42,tic-tac-toe,CBM_KE,1
42,credit-g,CBM_KE,0
42,credit-g,CBM_KE,7
42,credit-g,CBM_KE,2
42,tic-tac-toe,CBM_KE,3
42,tic-tac-toe,CBM_KE,7
42,diabetes,CBM_KE,5
42,credit-g,CBM_KE,9
42,tic-tac-toe,CBM_KE,9
42,tic-tac-toe,CBM_KE,6
42,diabetes,CBM_KE,2
42,tic-tac-toe,CBM_KE,8
42,diabetes,CBM_KE,9
42,diabetes,CBM_KE,6
42,tic-tac-toe,CBM_KE,4
42,blood,CBM_KE,0
42,blood,CBM_KE,9
42,blood,CBM_KE,5
42,diabetes,CBM_KE,7
42,blood,CBM_KE,3
42,balance-scale,CBM_KE,4
42,diabetes,CBM_KE,0
42,balance-scale,CBM_KE,5
42,blood,CBM_KE,2
42,blood,CBM_KE,7
42,balance-scale,CBM_KE,8
42,blood,CBM_KE,1
42,diabetes,CBM_KE,8
42,diabetes,CBM_KE,3
42,blood,CBM_KE,6
42,balance-scale,CBM_KE,7
42,diabetes,CBM_KE,4
42,balance-scale,CBM_KE,6
42,balance-scale,CBM_KE,2
42,balance-scale,CBM_KE,1
42,wdbc,CBM_KE,5
42,blood,CBM_KE,4
42,diabetes,CBM_KE,1
42,balance-scale,CBM_KE,9
42,balance-scale,CBM_KE,3
42,balance-scale,CBM_KE,0
42,wdbc,CBM_KE,3
42,blood,CBM_KE,8
42,wdbc,CBM_KE,9
42,wdbc,CBM_KE,6
42,wdbc,CBM_KE,2
42,wdbc,CBM_KE,0
42,wdbc,CBM_KE,8
42,wdbc,CBM_KE,4
42,wdbc,CBM_KE,1
42,wdbc,CBM_KE,7
